objno_deep2,z_pred
12011416,0.5597428427725367
12023279,0.8216110948742653
13017399,1.0019959802042222
12008131,0.45829133113434417
12003729,0.5431754274961803
12003313,1.0043686075474372
11021040,0.7315335429505062
13020559,0.9055714308688165
14029818,0.7348915246186245
13049159,0.6853135819060386
13026194,1.1001457070254834
13028427,0.7169493516371214
13035570,0.6691947556688165
13018058,0.4027911117884485
12005533,0.7539257165286386
12027865,1.2544877326662092
14028737,0.9190897577370623
13034892,0.8150137584170994
13058802,0.5419679238813554
13034266,0.7846175730621494
12015933,1.3563218993539234
13019356,0.7348915246186245
13043664,0.675618714425677
13026703,0.8803016227175209
14034435,0.41573603735389936
11045189,0.4893460743765497
12029430,0.40976318796889094
12020460,0.5111077997744848
11051190,0.4803831523984937
12020226,1.1954946175345351
13064313,0.9785647567944853
12029047,1.0804967152066363
13064464,0.6814450203898743
14024652,1.1278138282679142
14012814,0.7348915246186245
14021539,0.7348915246186245
13058710,0.5137845813895977
11027452,0.8932832453701901
13026761,0.7919302380777006
13055360,0.8447558686816059
12024872,0.9267947898272101
12021021,0.7348915246186245
11051962,0.30244396684014263
12027965,0.521471786461197
13051672,0.33312564187476196
11032750,0.4459794273249685
13055272,0.7279468555395846
11101473,0.7348915246186245
11006363,0.8095147738023529
11034334,1.0182664640917933
11033434,0.31726013150117854
14028987,0.692437364921697
12004729,0.9636169522390594
14018493,0.6003004091764312
13020183,1.04571079386027
13010247,1.061859281041811
13003917,0.7348915246186245
12012294,1.4350212925825911
11051724,0.39073005213600426
13032491,0.4938486053138779
12101115,1.3563873447628212
12028825,0.9307084477442408
11040256,1.2691512111793553
14034601,1.1370925764663737
14023103,0.5405126006399237
11015202,0.3957513442785015
14011252,0.826622344444689
12028457,0.5053654726905871
12007663,1.1135101748064213
14028119,1.1683518935360382
14007176,0.4183547409579874
12025109,1.1287129452106512
14028452,0.728721962245918
11013937,0.6253010358409518
12017074,0.6818210207974869
14016678,1.0882298611022483
14033288,0.4588490384712885
12029045,0.9201658656993191
13026732,0.7542372927027453
13027026,1.0945442469858624
13025375,0.8546768733957197
13012069,0.56702168031408
12007621,0.7356575909081039
12016619,0.7878058123526857
12007683,1.011063950341513
11045638,1.1606892483377818
13005509,0.3582674008277496
13032755,0.9734397231869235
12003637,1.0283580611715928
12028626,0.46720872059770974
12032544,0.2277457529493011
14017935,0.7295571596189925
13040732,0.4898137419106302
11044620,0.21947819364232246
13034445,1.1896674279722577
13035996,1.092505359490753
11051648,0.8019427858335927
11046508,0.4440998154857555
12024336,1.2694302069066175
13051230,0.37080490602769395
12009171,1.160068898538212
12032532,0.8590349914220299
11007823,0.23434296997552392
14011560,1.0822691191142066
13019862,0.34642032475942397
13026080,0.8288574469108495
13035330,0.3552589011600149
12029226,0.9660413031241349
12012494,0.493265718607704
14018277,0.4034756840951732
13040940,1.087482112925944
13034137,0.9595242215368867
12023760,0.33163403520340695
12028365,0.39044163191038944
11033809,1.1054843675162955
11045168,1.0460847287816324
12016592,0.5005603382417161
11007873,0.31529372405775763
13063785,0.6278601468413902
13011113,0.5214521844171411
14016865,0.7717163080602605
11045186,0.48547172621880086
14034659,0.43045599633099146
12024884,0.8054915702026662
12015938,1.0889874788487726
14011284,0.8352737560840418
11031171,0.29271433558074483
13010923,0.7173848608832142
12008251,1.205490620658952
13035874,0.9679023860301961
12012513,0.5215615568509125
13003434,0.6568417241879642
14018687,0.6261348223678844
12005419,1.1038930236567481
13049865,0.6773899750599526
12024755,1.3045654900822756
14006846,0.5380499193268703
14023227,0.5098542348102363
11027394,0.9690540794228973
11033559,0.463195963191896
14006887,0.39165820221790487
12019713,0.40012011969948047
12019135,0.7015441431288557
13040908,0.5757711688161234
13101049,0.6937222536833875
11047070,0.5156058429283971
14016263,1.076387512730661
13020587,0.1794639981064198
12012782,0.5172719473637877
12101118,0.7881525094328606
13020535,0.28912426813594694
12028551,0.7742439393621248
14012641,0.9723369797494614
13025271,0.7317526129827447
14006544,0.6577199161237793
13011059,0.7626806747251635
13055576,0.7348915246186245
13025832,0.6224104118309879
12012068,0.7259183655323015
13063861,0.38162258097139184
11052736,0.40401475312182716
12012433,0.47549982770775234
14022965,1.0032106763520956
11046356,0.7458944740695126
14027841,0.48180314956721515
11014351,1.1286379038942376
14034483,0.3987504439149275
12004443,0.7404004368551811
12025024,0.6872089589360324
13010951,0.6851670836972558
13063832,1.2277214680942778
12024917,0.1822459378906085
11051726,0.913604901650134
13057557,0.7231522415346725
14027397,0.7304587606855584
11044350,1.2621979360648614
12019902,1.3270619167925366
11044680,0.7457707825297185
13027445,0.34982040118070434
13017202,0.6282174645040064
12012794,0.7227738138047369
13027139,0.7838146404935477
12027358,1.3267090712085483
11040228,0.7597228618015833
11050883,0.7348915246186245
14100756,0.7348915246186245
14007996,0.5452434902456603
12023622,0.7348915246186245
13040065,0.8643172203565734
12100758,1.1783596746144198
12007196,0.6599547633270029
12015118,0.5961945252282773
13016341,0.7299251890562959
13056000,0.6872098394814338
13057505,0.9854631525109816
13003385,0.29057520765793626
11051235,0.5302821941135183
11038382,1.231903711862428
12020279,0.9922799569211279
12025532,0.912048065275298
13036413,0.41987393272946444
14006178,0.37264949004325554
13034499,0.725191006269217
11019069,0.8980750919995877
14100805,1.211855409221417
13100238,0.6401254512658594
14039621,0.28442466919416026
12100559,1.3976826806297888
14007400,0.9409515887210378
13059034,0.30319311230395746
12100154,0.30040572647449637
13019398,0.561894433245308
13033760,1.2785392140909344
12023941,1.331805706929517
11050775,0.8003929015633582
12020615,0.3126636383340648
11040739,0.8519783931430432
14017067,0.7755379942961964
13064937,0.44553934559245845
13035084,1.3329688979955479
12009094,0.3355183659357607
14028799,1.0990711961936817
11031579,0.7348915246186245
13055292,0.6055738993653544
13050924,1.054815383392905
13100756,0.39788639200658993
11014390,0.988313744957056
13063155,1.2613114665839582
13042393,0.7348915246186245
13018922,1.217575390602925
13062953,0.9557438921487732
13057852,0.498534298502869
14039955,0.6366186062010143
11051653,0.8170884791950619
11039583,0.2314367076991321
11020631,0.8365547254642216
12024894,0.2534013784476821
12029588,0.6214116490950318
13051092,0.9732549533696584
13009933,0.4349076650080014
13003269,1.0099587515481556
13101295,1.4534727515050725
12016787,0.25326278679113123
14012587,0.9087744956702151
12024580,0.37774326330842506
12016281,0.565712549653879
11046351,0.8367358500808841
14029107,0.5968125811122238
13056983,1.1295531895110824
13012487,0.9472512017083824
14035145,0.2702647047249526
13004837,0.7348915246186245
13043436,0.9930147845570436
12016347,0.37096061119379375
12011961,0.7348915246186245
14035098,1.181511047072834
13036478,1.3798260416842694
11037772,0.7348915246186245
13032926,0.7516276401487354
12015392,0.8176923829853868
12008827,0.8197928340106596
13050172,0.5590745412415632
12020308,1.3816360499368743
12027772,0.7570553725697965
13010374,1.0095166802258135
12003792,0.6845010007139194
13018943,0.36846837291411105
12024858,0.2008590186786946
14016974,0.5405843854060967
12028140,0.6425320926108851
12012326,0.36873538296911607
13063956,0.7612286614182181
11021273,0.9549522195011964
11032910,1.0164483781865183
11026927,0.5009781068204596
13058766,0.4790521501127345
11026386,0.9595496463967529
13040203,0.7348915246186245
14100370,0.5350643007896904
12008510,0.29456579089687596
12011295,0.470693912070664
14012797,0.44483758930734213
12005047,0.8640128100014015
13009902,0.4588186100263079
14027189,0.8662220726350098
13026154,0.7348915246186245
13004292,0.36081720520235067
12101094,1.3507177216705717
11007848,0.32188934301127764
11047679,0.515746052840408
13035903,1.2334130664284457
13010896,0.9414885076794136
14006821,1.1381331293134977
11046473,0.6334295958018046
13064139,0.3964778504871973
13024769,0.7841473180486878
11046267,1.310584245601841
12100759,0.9948135300085387
13042361,0.9169747837829635
12009037,0.5442308467745047
12012215,0.3036720449648977
14100096,0.7348915246186245
11031303,0.8709944208541022
13044266,0.7889820478747573
11044182,0.5149405954731201
12011668,0.9429687088415125
13101995,0.5966447067625656
14028429,0.3158587801140869
13049825,0.3557616491010131
13040741,0.3951448227482911
11038273,1.4295751009377078
12020063,0.5700420054374779
11021746,0.8422435720098739
12017388,0.8363293896312338
11026382,0.2902351031641668
12008911,1.19433743013179
13063856,0.9177195793741756
13026542,1.2012561197629796
11051499,0.950845795314479
12011767,1.1674053883341586
13010099,0.4204469941361145
12003765,0.7290113912640749
13041676,0.22991581640817668
11032358,0.5687534752929314
13010254,1.2885438907533686
12025231,0.16668446233267517
13020230,0.7772753659478682
14016225,0.7194704385741345
12007511,0.8566659280770892
12013238,0.5790810031473318
12015531,0.6019003835285524
12012064,0.4560334172533222
14017982,0.2670263801308772
14023644,1.1975417474176184
11039706,0.6581311953376432
13026112,0.3566217157969717
13033731,1.2491975382952067
12016719,0.628092460792199
14023468,0.5116629962021201
12005125,0.8009246532347825
12019377,0.45144052783601013
12016150,0.6899323264019368
12028046,0.6879041924979228
12012559,1.201951930826227
14012963,1.1575271907383964
11051533,0.7859168969052445
12009269,1.2163595749586738
13051539,0.3250407203803789
12029027,0.572667669599893
11039432,0.9020318265100692
12027695,0.4561609401342001
12004487,0.43620567113397896
14039135,1.2331794224286141
13027790,0.7698219682592988
13017370,0.4237161398399744
13011979,1.2212793498555239
13004693,0.3378123395172002
13025009,1.298842456653436
13033864,0.7699365578089149
13034747,0.8844349056513547
13040814,0.3649389728495016
13033966,1.2657140234195383
12003869,0.9439567870635688
13033885,0.6229897817188544
13009982,1.2068829003887513
12019800,1.2285327726359838
11020734,0.3792774514208535
11021075,0.8970111013036927
11046514,0.7348915246186245
14012204,0.7656220574404946
13057879,0.7348915246186245
14034224,0.7348915246186245
13028039,0.79132200465785
12003664,0.8291115464310519
14016307,0.5991388989238771
13049771,0.9171930481165077
11051167,1.3468249240732664
12029472,0.40858591105845826
11013886,0.43370433106380635
13036008,0.6925759224844292
13018682,0.7679147758959172
13005066,0.45979802793441055
12020127,1.2531747117173246
11020588,0.7824336170273534
13041286,0.9226277604441071
13100543,0.9570277383335662
11045209,0.8066404750111672
14033631,0.5579269562490687
12027702,0.48071003839444265
14022469,1.244772274757376
13010199,0.7102295073693553
13016870,1.087302931504106
13017686,0.8274988095993022
13003318,1.1497856686991614
11014349,1.1700369295194513
11026450,0.351779842160053
13049736,0.7226191862577215
11021002,0.947953260532338
12024928,0.5048756838108713
13027875,0.4502951800200236
14034709,0.8646007990719812
11034271,0.8672203507719517
13058765,0.5195329727869091
12018990,0.8313939208554045
13058693,0.5120193959081368
12015966,1.2016938577212166
13033835,0.9590534008356886
14028474,0.3094529562862376
12019745,0.7847593923225861
11015228,0.5028648931800305
14022899,0.3948366584306791
12015949,1.1740706590636554
11027975,0.8263472172731142
14006713,0.6056921440324146
13033172,0.6346776279259242
13051879,1.3372163926986735
13064904,0.6203384319413161
13032467,1.0984185063364569
11041347,0.1724828016810683
12016731,0.4786539704418292
13031815,0.7348915246186245
13048997,0.5048527182167943
11045934,0.7348915246186245
12017194,0.6349039172809803
11039139,0.9182810541545086
13035927,0.7461086572635683
11051236,0.5112546826202827
12020628,0.47194115908483747
12004687,1.0015668639045716
12013234,0.2903254346990157
12015626,1.036733115275595
13024029,0.20485401052049065
14018476,0.7336175697090789
11012940,1.0451161947538086
13020619,0.4379270914211631
11039150,0.6916064694806882
12008513,0.9543516785974548
11038561,0.7754685274716829
14007987,0.5103316180056832
13026538,0.5851735199527798
11051984,0.9179354767183869
12020184,0.7357760577432877
11052755,0.2402613943745039
12024828,0.7348915246186245
11032739,0.25009438650419813
14002228,0.9896843397435199
13031821,0.7348915246186245
11045532,1.1020565447243744
11007749,1.1359685017013785
11033882,0.4670758365130612
13019247,0.9768152765060898
12024851,0.46868726734091826
11020606,0.8951243094360902
11052341,0.36236881900078555
13013039,0.9656840945971821
13059316,0.2275610035467555
14100807,0.8091499969606734
12028696,0.3810196044964072
13035862,0.7100113832955228
12020179,1.0732843190635522
12011891,0.5526366711721509
11026403,0.41628871664930317
11015296,0.5631037562523253
11033012,0.6901966862679347
11008311,0.7288653024164555
13017517,0.7348915246186245
11039902,0.754789976039626
12028731,0.67892423931265
13017296,0.6518094969733799
12028331,1.074719406308444
13032515,0.3961055478041316
12007455,0.6815876079560523
13056258,0.5085347662595863
12024932,0.18983253352043788
11033623,0.7348915246186245
11050989,0.8750191893930778
12007472,1.0088310785794885
13012163,1.0398612812226447
12015255,0.6827083024906695
13010625,0.3353867806505071
12015814,0.5746884485601301
14100342,1.0699471830801086
13003388,1.3134965918467376
13048969,0.9379714078404789
11046928,0.45655336980491906
12100036,1.3322211922293568
12023700,0.812696330447584
12008851,0.7879864575865936
13016662,0.7348915246186245
13042073,0.5374856878030763
13003405,1.3480762934385284
14013108,0.2699398710209918
14027644,0.9854036908956071
11041293,1.1800717163694363
14023724,0.46803176771393795
13044269,0.9030748554787585
13024524,0.7114175162310097
11040834,0.34019944991011475
11018870,0.7348915246186245
11007393,0.4888046812203771
11021220,0.3929050084339991
11032831,0.8397661286255356
13056127,0.613508123307134
13049747,0.7765727034226929
12015439,1.4232237017003222
13032344,1.081468269099415
12015507,1.0318320633158249
13011789,1.4044955159173702
13049598,0.6786648641544631
12016362,0.9193218917189233
13049899,0.8859076265514525
13026472,0.93897745823451
14023658,0.7976034598577157
13003400,0.9108832325672376
12024044,1.019451433017546
11014382,0.8903257733645594
11014235,0.35832841165101526
12008575,0.5708180100057186
14033484,1.0111238413443204
11008352,0.6378681717346808
12025269,1.1248197465214234
13033105,1.2543393171458308
12019339,1.4461668076702685
14022415,0.4418798920180306
11026982,0.9328854836824373
14033134,0.9458342828358752
13011072,0.7728813833358337
12007424,1.1483533671541748
13010841,0.9183586432481518
12015560,0.5365557559181505
13056079,1.1972234468844876
11101590,0.5036039266472847
11039245,0.2942420587845333
12019186,0.6058987138126558
14027356,0.7883185773250961
13058245,1.4306521748751437
13049570,0.5876793186504177
13024765,0.6216020311367013
13032747,0.9767355768847862
13018541,1.4160183380988467
12003550,0.9933746496411829
12027507,1.016275479624184
13010561,1.0311711751747392
11032157,0.19111561523620949
11051004,0.5230611664677591
12003986,1.028082108902506
11021749,1.1725496166210734
13051207,0.567800801945413
11026460,0.6007971447352018
13003821,0.7678201511456304
11052315,0.6682025148188464
13040189,0.38498946643166565
11051619,0.4236981356383204
13059429,1.0929563913870661
12005453,0.8651047081385724
12020726,0.3711278176180613
13063409,0.3217596296988594
13042383,0.5461567477048214
14034694,0.828869510158058
12020404,0.7820065216799117
12024843,0.8253476799718444
12015154,0.7258578727576857
14028559,0.5807211370220411
13042347,0.46708286176754976
14011956,1.028076977624149
13058170,0.8061064678408026
13011794,0.8729294557210875
13048177,0.671469348499817
11021303,0.21214533263449165
13025646,0.4099231908743973
14006211,0.6615086426636085
13010520,1.3277480097259022
14023283,0.9030373918659849
14018224,0.8264302816734754
12011520,0.41366260973780994
11038979,0.9385308515586125
12029890,0.41341027208887354
12016312,0.29508074849565574
14033265,0.5846142372519254
12005203,0.4956360870848668
11002200,0.21612014731948614
12016351,0.7942798165246295
14034206,0.987571282599103
13040878,1.266991086502236
13025520,0.8951634327854034
13041636,0.42941622632000515
12019233,0.4505575496262219
11047477,1.1333138004023302
13012404,0.8098134060343689
13059322,0.677071665643175
14013732,1.034289490415029
14001836,0.7026778931513353
13010765,1.038631615058046
14016642,0.8833587728957032
13020598,0.30668017717648743
12024340,0.4771568938387701
12003490,0.5622397543732165
13041589,1.02353390467792
14011077,1.0333238729870566
11051906,0.471716317648228
14100569,0.7348915246186245
14028497,1.1170216048695905
14028048,0.8712075843180624
12008170,0.45177344645207773
13047725,0.2366546568233595
12012414,0.968977505560538
11046499,0.6597718207092222
12004116,0.8140730259532483
14022382,0.38315029316037924
12024253,1.264541104132985
12007934,0.8030734389646499
13063321,0.8537372027444387
13020524,1.2517742150050113
13026042,0.979693322212722
11026861,0.9370434764630559
13033547,0.5479920718734214
14005496,0.7905264292132489
12009337,0.40702986267991653
12009314,0.7348915246186245
13043565,0.2857243594234963
13034634,1.0702467729807728
11040794,1.0096993096138254
12024004,1.1433311612392574
11051273,0.7348915246186245
12023331,0.3913418836981823
14021930,0.49213179253979983
13032193,0.1699529117394559
14013785,0.6158313115275208
13035249,0.967563530913984
12011561,1.2504101605618836
12016407,0.7336468003526262
13010539,1.1810529747112948
11032667,1.204808842207563
13033205,0.45329622907202893
14012216,0.39713219016903784
12020903,1.0914734892876479
11045907,0.7348915246186245
13003863,0.7607325417144982
13041633,0.727012323869963
14016774,0.5144664009674603
14017658,1.192191171910254
14021938,0.2971570432749956
13057447,0.6404078971536343
13027375,1.2220384992758226
13051176,0.9781005219248767
11045723,0.47795613637993994
13101020,0.7467506152354266
12101421,0.7348915246186245
13058241,0.5547292691392227
13027930,0.36668237484023486
12005326,1.1648262900183324
13043083,0.806167546854005
11037849,0.48508860065701415
13018986,1.3266562827989803
12003740,0.6627135608346933
13009817,0.37859351415359627
13036568,1.3048770533456218
12019983,1.0949344997964452
13025410,0.5515538844298912
14039983,0.514361937962906
13042412,0.7348915246186245
11032508,0.7476046934741357
12012065,1.0005155316100096
13063490,0.3825860599475584
14024221,0.18944114414472998
13010991,1.0370319748245276
11051456,0.8543048473553706
11020672,0.8953499240215006
14100566,0.8129258267244998
13055074,1.1773428613585515
12017092,1.1171674731946686
12024409,1.062827703030632
12020984,0.47880622824719876
13058800,0.4043040197355404
14034152,0.41769717908687226
13010107,1.1645507512949185
14012143,0.7089968300670992
12012170,0.6978341205826248
12005063,0.8595908708094103
11021284,0.5767002466348115
11039610,0.3381788961036393
11040153,1.0277605165571666
11045655,0.8178352456303469
13050238,0.19245732482898031
13017849,0.1637380246801673
13009718,0.5569315219574272
13019294,0.8023306357873803
13018673,0.4892821115888467
12021367,0.7806461913560968
12015681,0.6160966765353172
13059430,1.093332467971114
12012425,1.2043846986825497
11026246,1.057837478772013
13003612,0.5522202993687908
11013638,0.9113623098903617
11031881,0.6825129392381064
11007598,0.7552376524387516
12012218,0.7335362633993958
13033207,0.35266917839966333
12008715,0.8599158889561392
13059362,0.23272385187632752
11032332,0.8802405288894622
13050287,1.0536210017892156
12004417,0.3554868177737363
12020728,0.7348915246186245
13058822,0.5253483861733256
11034074,0.864298711837738
13003141,0.9804258173075195
11027545,0.8431746740588588
11047036,0.16366910287525094
12016993,0.43145673919752625
13003874,0.6502512233454766
12012167,0.7348915246186245
14022769,0.8460644057361613
14006545,0.8521079417418654
13042722,0.7348915246186245
12029182,0.40383111131624966
12020346,0.6058867135962426
12024459,1.5009151018783966
12012031,0.8202814389893983
14012864,0.660800050807445
12019627,0.9580159125778065
13018616,0.5252332932160201
12021344,1.1150817497278536
13010509,0.7084898112383854
13101170,1.0473593571302828
12016224,0.6544867255010705
12010897,1.3204880702728685
12019476,0.4871544272963183
12009152,0.6995729585809188
11040071,0.8113666838714207
14100329,0.7291487333606185
14028097,0.5130346404695693
13033517,0.3481324036544388
13063753,0.7384006320584091
13004372,1.3578820038705632
12027512,1.075592406783399
12101131,1.2232452272142669
14039520,1.1531501215623248
13063099,1.009591112125951
14006168,0.987362421527966
13063594,0.8316820395391415
13033927,0.7357656575486382
11050699,1.2909380048224504
11052102,0.5626939361361911
13012401,1.1730489681512704
11026682,0.538584358145286
14100307,0.5423836587788583
11031998,0.8751025335448098
13019070,0.5843038389992142
14016819,0.4722976778857865
14017053,1.0456555226930853
13055236,0.6438421673759027
13019090,1.3993909981761266
12024189,0.16225776340315307
12007868,0.38590674577526735
14022599,0.9753612333703815
13050489,0.5549682598207525
13025471,0.30422513629512554
14007118,0.3657992200859163
13003096,0.4554028372048058
12016968,0.3562201256274473
12008562,0.8185853149965919
12012205,1.348407962254938
12024956,0.7348915246186245
12011463,0.7376653505978354
13043396,0.9725044294268647
13033209,1.2455738592972845
14033011,0.695922732978575
11034314,0.7348915246186245
14006783,0.9612609542461191
13040217,1.1537581663988343
11027767,0.7348915246186245
13003731,1.1950429608072437
13019463,0.680288706622767
12016659,1.05481462385382
11046444,1.0197778271720357
13026561,0.8745735596700949
12008005,0.9096574589180939
13063584,0.16723111135713103
11030927,0.8409940240063992
13012099,0.39144253638163223
11044540,0.4820913550575716
14028101,0.5506947860642202
13012362,1.4206345397840574
11026038,1.1046352657717549
11051146,0.5703000422204108
11052435,0.7629202107880155
13064457,0.5764696009757866
12028801,1.0075278981273115
13003362,0.47081541640430874
12024822,0.3220224980277444
11013240,1.1005581001763587
12020928,1.15770912057327
14016435,0.9701122857304523
13058168,0.7348915246186245
13049357,0.6724445756696918
11007845,0.30913534860238623
13012347,0.7365326574033996
12007512,0.8343288109993123
11032123,0.2796953084503084
11025663,0.7115753931714152
13058748,0.6251985802717166
14100108,0.6221699809550635
11027927,0.5885322160127052
12027520,1.2604483265864146
13043501,0.3815419536617713
12025220,0.7348915246186245
11047092,0.5316712757265957
13027485,0.49605987966508647
13012000,1.1179460379787636
11028086,0.9174772551590347
12020913,0.7348915246186245
11052466,0.9409357760379459
12016880,1.5013817360570025
12101293,0.7348915246186245
13043507,0.9278761721234674
13036564,0.8753807640792631
12027454,0.2869535423892176
11051934,0.47515536183571006
13042715,0.20306098145082357
14033660,1.0745999859383275
13057521,1.1538154062710497
12025039,0.9010202255413686
11040763,1.1346832749552478
12008464,1.1835813631938439
13025833,1.0416484397293118
12011955,1.0036126214915044
13027427,1.094937756113445
13027281,0.871856789012551
13056628,0.7321932682934176
11052576,0.4637445878498432
12020425,0.2845719360053365
11100374,1.0333602233199681
11037816,0.7890866621935271
12023914,0.9535221573131591
13051183,1.4349151727690224
13058297,1.087776944815864
11052294,0.9932763104515595
13033104,0.7715694833454383
11008329,0.7457660893002561
11021773,0.8090942737910582
13050474,0.8828216414070966
11012985,0.3863333648375903
14007682,1.198466320375793
13051869,0.4089698602772179
13041554,0.5494088453825408
12025417,0.7041096603082626
11020482,1.1318899775302742
12010920,1.2265945510709808
14027566,0.4393671624117221
11039881,0.8673557153183485
13043718,1.2486040765164326
13033035,0.7575816242910299
13012392,0.4248565049246264
13021141,0.877756655874758
11044664,1.077726562513711
13056822,0.9130684433062615
13049178,0.615055967612905
13050352,0.5377017461126289
11038571,0.9348907363565186
14012838,0.7420061422595762
14018310,0.5802416933683164
13025674,0.6427575182094851
12003927,0.7691585923890745
14023705,0.7750929416028706
11026348,0.7887454329817788
12007906,0.42948493835183055
13010404,0.6388417087076185
13003595,0.5668235007784554
11021771,0.35401674959752233
12021446,0.8489685144635712
12008622,0.7348915246186245
14017529,0.7275006621344129
12012313,0.7177421255442898
11013893,0.31850181937840716
13050886,1.5210211431237581
12011483,0.4923317993626605
11022326,1.0324776837205873
12021357,1.2984963118341992
13049885,0.4788536363933168
14012084,1.2791536181033079
11028367,0.513923689963687
14021422,0.6872990203832444
12004864,1.3690124414849398
14016679,0.8939266169261537
12019248,0.7582966399984065
13043720,0.16222312208275944
13033093,0.7635214360497995
14007156,0.2656310677352435
13025995,1.092942835341374
14100268,0.7186470321658609
14028513,0.1699991005222138
13027630,1.0504551726712703
13041591,0.5887898252718126
12011927,1.3216963489821087
12016524,1.4546971992802646
12008515,0.5430041671220536
13040789,1.195307366666011
13043535,1.061211629288339
12004848,0.46928820159320117
14012388,1.1286557629030318
13025443,0.7348915246186245
13051218,0.6781000601970125
11034385,0.5221146440371499
12029293,0.9555776879808379
11038526,0.608969601213069
12028425,0.5476432337483739
14023101,0.9353817713400855
11037962,0.7348915246186245
13019123,0.24946860348253594
13064852,1.1346060217795413
13055266,0.44851122106624947
13048210,1.1940648333802353
13040136,0.5533561629133127
11046480,1.0264788360016974
14007392,0.6949606400280015
13004268,1.1238501142237523
13010919,1.014252467549656
12025577,0.7428959115872812
12015980,1.3388736087333355
12020493,1.4454243007874534
13033177,0.743010154635083
12003894,0.4287206888996063
13034516,0.7416076310425167
12027331,1.1864013895505496
13032433,0.17591842652027956
13048303,0.9436929872750872
14027864,0.36919856133481177
14027414,0.8010401243396558
13018527,0.3350486363104108
12021033,1.1900476960613342
13034655,0.8192086132561623
14017027,0.3731526311323167
11044311,0.7845371813057224
13041658,0.6381252325885916
12012297,0.5757445017736275
13051197,0.16836301750814098
12023343,0.8113179182690515
12012439,0.9956919589872664
14017438,1.248223366529141
11027000,0.8886669440314504
13017974,0.7611791503527827
13064888,0.40456833422619937
13011931,0.9060826318761898
12025287,0.6767876395465092
14022420,1.0640834442061118
14027309,0.5954065273817115
12009206,0.8902981809561713
12012333,0.9788173833024879
12016585,0.9777028035273283
13027743,0.7049874041463051
13050930,0.9697551409102566
12024014,1.2665775706640965
13049853,0.8638076450659931
13009613,0.15842853534134504
13043393,1.1093300615780368
11020232,0.6142391161418984
11052077,0.47256633677193044
13050348,0.7467873170206311
13018388,0.1949637693651041
11051794,1.0225204093848403
13025574,1.4354155141673146
12024912,1.0664579188761092
13010525,0.5836113550851196
11045551,0.46572993998823625
13064634,0.9291509115662886
11025850,1.0902576128255825
13057425,0.7341728531945481
12027607,0.978695311092693
13027082,0.3828794265883588
12028272,0.42373364877699854
14022946,1.1950065561003442
13056850,0.316018766715085
13049221,1.144557756966112
11044658,1.2878063436767468
12008115,0.8769255402070919
12008130,1.2238014540757742
13042944,0.5936027810556076
13024761,0.7348915246186245
12023686,1.3233100511717941
13032333,0.8369343718880689
13011894,0.764399931126304
11044961,0.4927190051741335
14017985,0.29139778606747024
13051222,0.36240915520025413
14012303,0.38836843846168495
12008181,0.2769105667528652
11020634,1.0745929613824352
14016667,0.7584658865370462
14016423,0.6558965870602022
11021283,1.0957253464674093
13011635,0.7348915246186245
14028042,0.9807760964516942
11021110,1.033047942462691
12015853,0.9707071457588592
13027156,0.44654254871685317
14022288,1.1494276016873393
13058235,0.7198639298317487
13004049,0.7434764458611344
12003564,0.6553504791602249
13019144,1.069131443380524
13063375,0.9946973644280984
13049076,0.79443513675816
13009864,0.4569781165714293
13017980,1.0559857037096423
13042661,1.1628920565413468
12011708,1.296586348466233
11026188,0.43551386843389567
13057842,0.8417653947153165
11013278,0.8590925321700417
13010507,0.3970918421137434
13017307,1.143334139635198
13027296,0.75397235540208
12024833,0.6652943942355835
14006214,0.7666010282938478
12027928,1.083084657550717
14022785,0.9870483045748712
13056845,0.6465550630972258
13040682,1.1671709386363487
13003846,0.3590233795989628
12008111,0.8468133838364538
13003513,0.9460765822733065
12028158,0.3923369075701968
13035134,0.7348915246186245
14039519,1.085685296790988
12024464,0.5266441906825027
12020174,1.334214124836609
12012387,1.442172784812813
13064332,0.9702579589393496
12024995,0.7348915246186245
11039110,0.5465157131779361
13100787,0.7771856600091929
12013237,0.39368719488707077
12024904,0.44643774624420424
11027535,0.6837734436856021
11046506,0.7256279110338195
12019628,0.541941812337471
13033182,0.3417874909306876
14007001,0.45380095348880345
14026940,0.7944514294216865
13058803,0.6627949317022224
12024976,0.19526728736042492
12017440,0.719883840233936
13026192,0.19927879691135827
14012385,0.49562042454349314
12012284,1.187477852433169
13019526,0.5239359740637617
14007136,0.4425329067377595
11033307,0.8730643371279107
14016850,0.6083055310919272
12015891,1.023056609652556
13049168,0.6621214027392507
13003784,0.16867435348375306
13058226,0.8374556921514944
12000814,0.2225086698608735
12019661,0.6823513997178202
11019779,0.9219059931919683
11014209,0.4338256812501755
11033162,0.8357652887518503
14029284,0.9881877488286251
13051086,1.2478807760290713
11021620,0.9619408308635103
14005521,0.8365984155782995
13100318,0.7097179495419226
12004760,0.9782841044181847
14038835,0.5425705595050365
11045244,0.4455111900076539
11033276,1.0700834405220194
12004204,1.2163375614236533
13017237,1.2546697881977615
11047551,1.1295888653657913
11044639,0.43329850785861596
13063488,0.597245820286492
12028454,0.8336591721741848
12100569,1.4332673240573317
11045834,0.4635596821843317
13041503,0.5859450202162787
13048559,0.7014283306095435
12027874,0.9882104499089824
12023345,1.042843542527616
12009697,0.5132827117884456
14016841,1.0586695709474148
13058154,0.6475444374165521
13057694,1.0898641162239324
14033797,0.4693818558480481
14029798,0.7348915246186245
13033596,1.3199402060210925
12100924,0.6150546621053858
13027980,0.9924303970133942
13033248,1.2657372959590507
13036010,0.9107464976905391
13026082,0.6532113272051794
13043497,1.039597207252668
12017078,1.2795433672598115
12028431,0.7619816411799064
11025709,0.3308279928998294
14039805,0.5926830543916318
12020416,0.7764217911644495
14022337,0.9766797903978661
11051996,0.809269727947001
12023646,1.1884706955976594
12020031,0.8311985511542453
14022270,0.4087234077266266
12007776,1.0787614099664953
13027290,0.754938395529537
12012349,0.20672573895860571
11033176,0.5033914710151975
12018980,0.35920242159767773
13033754,0.7814257028436365
12019873,1.2178907624278021
12024114,0.6446828728595079
11020707,0.8215755057439214
11040154,0.9716321862261541
11045402,0.4588278786345834
13005268,0.36085549641676357
13024653,0.19988949725076668
11038670,1.0108801328754748
12015594,0.4808381941077562
13064310,1.0805181272316404
13043733,1.0520729382164031
12007529,1.1914444971830327
12027875,0.4833595996832504
13017993,0.2592880598856819
11033173,1.0588465190772578
14023564,0.8925790500780907
12021205,0.5361722973978442
11038304,0.7644163028923937
12025291,0.7406802105605318
13035532,0.5962436075254012
13058547,0.6223503641008393
11020104,1.0211290232757755
12028348,1.2298042578386854
12019517,1.1207495454239487
14023046,0.9433954728121545
11025640,0.4139308662339853
12024199,0.7942460533069807
12023514,0.8370865113892916
11046423,0.3723544066743402
13025807,1.2857219739050259
13047911,0.25269588041111624
11043820,1.12630802065998
13004520,0.9330171511043074
12020476,0.7424518670425403
11044247,0.7348915246186245
13040852,0.4709593629445978
14008400,0.4688073075616255
14012268,0.7348915246186245
12027970,1.1870474881013529
11041385,0.5511950205520975
14039902,0.6595213290287666
13013001,0.9794803059709101
13025974,0.9277704041662191
11041195,0.2474436158555895
12015657,0.7348915246186245
11013340,1.0280663587121697
12004444,0.9768115979472733
13013014,1.132554556865817
14028557,0.6948951953413236
14029014,0.38776711822187343
13056635,0.6886427935744277
14101280,0.5838380048846614
11026463,0.16158418999929267
13064306,0.8279520410844536
13027677,1.0909747252487436
14033803,0.4966135189148026
12020008,0.887193474596899
13035877,0.9341053528274645
14002600,0.8728556137567499
12020896,0.7627075406472331
12016650,1.0118143786958027
13026201,0.5538333574971964
14039133,0.9259735347293161
14012604,0.693176395793204
13009559,1.3209640428386091
12017117,0.5463329508854539
12013428,1.1835110794627903
14018960,0.763031567897959
14100336,1.071137340941737
13017614,1.103530017779851
13017300,0.6773165330766264
12016754,0.30282560487647764
13058483,0.8555777689715641
13059312,0.4207518600384975
12004233,1.0243382018237444
14012706,0.9514850121190601
11033781,0.4787479317239143
12011899,0.4287114684763048
14011789,0.7022552380352499
13033123,0.3863860447111595
12007448,1.0549733878740426
12003610,0.6331842994831169
12029109,0.42619391091198294
14012371,0.7164553991025048
11020784,1.1199465750831958
13058191,0.7142486597808385
12012526,0.6105276296858064
12024607,1.1991193702641054
13036012,0.3369616314932672
13027149,0.9921165451034628
13009268,1.2265392105494066
14002078,0.8375317396041889
12004801,0.4426494348029237
12019547,0.3054419103140322
14013559,0.2440650875522286
11013234,1.1910032700446935
11044623,1.0139982224414437
12020737,0.3413421945588093
14016962,0.8270907202852714
14027610,0.24175139187020686
12028966,1.0347814462355123
13055063,0.5469135651406307
13028641,0.40123031492396694
12028702,0.5921453000317354
11012894,0.7348915246186245
13027468,0.7709164320573643
11022133,1.0119937530680048
12024210,0.9473254961683545
12008531,0.9623639298367522
13051127,0.3306106246219786
14028890,1.1190312531596345
13042280,0.7594848018425706
13039912,1.3775542892274786
12019772,0.8906213995105318
12027967,1.3342918178599352
11021407,0.34033823568530486
11007865,0.7280623843896158
13033198,0.5185030892257902
11027915,1.1426704178603095
11013688,0.9688172902306005
13043608,0.7175785500445142
12007820,0.9576653145557232
14022856,0.40206268339829315
11101318,0.9005044128798421
12021110,0.7970447308799922
12020708,0.9200938372549824
13063423,0.6281767877118217
13042258,0.2671456572621286
12025565,0.7799855334268722
11032447,0.857917422827411
14012868,0.693420759530159
11026732,0.7972815803563942
12007258,0.3974028015143492
13035629,1.4192058472516118
12021032,0.13280355253730586
12015731,0.9659322612855464
14016930,0.9110589655044186
12024611,1.0453971887681617
13048610,0.9962494974685746
12011816,1.035430352335783
13012994,0.7837348807543416
13024715,0.7421533056534294
12004068,0.921734545894433
12024293,0.5549275521814517
12029338,1.135826662137496
12028550,0.3950080316052203
12027423,0.9384593690235978
12020811,0.7348915246186245
13018111,0.6221881468747428
13004323,0.21640153062420045
14011850,0.28698196600141784
11007308,0.4009150162486668
11033342,0.7502027798645363
13056112,1.0617009702094662
13040948,0.8295951959348771
11039792,0.7348915246186245
13017221,0.4946412329985129
12025645,0.7552587987591114
13017915,1.1097252288012172
13004072,1.272001577944777
11044584,0.6312480753427784
13032340,0.9542009909816269
13025323,1.2229325504744095
13016818,0.7248258037866313
12028193,1.2449531294005325
13032654,1.1146114366126858
12024672,0.8631626697495727
14005902,0.9509172039897136
11044655,0.8039748012360407
11027553,0.4803185650100792
13003010,0.6154524950647202
12008336,0.9959316366673933
13056091,0.7911159929858532
12020434,0.7645441722113652
12019731,1.1625381950734865
11052570,0.9605213214962175
12016427,0.7379877244655404
12024147,1.0070130987761643
11051509,1.1217684754967814
13044265,0.5899271126107399
11046197,0.7828985850765773
13025881,1.4175215398968204
12027518,0.8758089102344004
13057569,0.3166416349501274
12024728,1.1794860811036398
13056826,0.4272909966727627
13031982,1.2383503905702105
12012249,0.7253002803871408
13049555,1.1799864652692502
14012815,0.7348915246186245
13049796,0.3851723251956781
12021468,0.8124710522855636
12008878,0.9073001139560347
11014542,0.604932240901762
13048525,0.24194406411680894
11101139,1.1378530476247537
13040107,0.9803319091239359
11033345,0.7705940913844604
13020996,0.23450991425431203
13002716,0.7134412958482172
13043478,1.3831265050065351
11039536,0.19702340364196727
12004292,1.0622694019446197
11044897,1.0706042161255005
11044878,0.8212610792366998
13005316,0.3507083886419538
14017491,0.9364783408125628
12015625,0.4563119638039295
11101335,0.4291516278082247
12015482,0.5265529865107981
11045108,0.7932187319965367
13020261,0.31894286905824965
14039648,1.0422797370975954
14005779,0.7348915246186245
11051521,1.1978200780520918
11028276,1.1574966116191656
13040848,1.3351163215561797
14006194,1.1268815564540826
12023246,0.7964204761984791
11039124,0.6401854863143545
12028924,1.4398587786425932
12016665,0.4551914423440655
11045167,0.35734115863778987
13012219,0.793867612377589
12025403,0.9311481235546224
13028136,0.6157870998828061
13035737,0.5922434200078119
12017430,0.9126710511074756
13101448,1.0291335732314075
14016820,0.7590002910233546
11018918,0.6004882507864833
11046500,0.42415403284732217
11039108,0.35614096311601096
12032006,0.7348915246186245
12008243,0.7448827398132891
12008309,0.9746153963011708
12012355,0.6976349401894643
13016879,0.8868799102647553
13004683,1.040445963057951
13016171,0.9381789819038409
13004889,1.048030566628251
13023777,0.7366136918888079
13035195,0.4936823305361707
14013661,0.6714271271837502
11014676,0.9536288074111021
13004316,0.7575805787062223
12008155,0.8116417907000572
13028068,0.6267894723959767
13058479,0.7310739866094123
11051461,0.3913447572370831
12023871,1.143968348665078
13011101,1.3344608994367568
14013325,0.8419272284805803
11041170,0.5176335256958471
13027839,0.5887595634130394
14016702,0.7348915246186245
12020004,0.5172353445053709
14012738,0.9338763028726835
13042259,0.7439225958540822
13004260,0.9189808598394543
12016962,0.43807390745090263
14006543,0.9604124099099153
12019671,0.7359353011703758
11013287,0.8343597625868825
13027348,0.7499723776723528
11052779,1.1005330537660363
12029480,0.7156933656324058
11047606,0.5280196760607277
13017068,1.1065321293778765
12016325,0.71797823265582
12020169,1.2743844129543347
12100548,0.7761770163075654
12013181,0.9370549485815755
12019883,0.46298185244547607
13028434,0.5901942121227097
13011737,0.8495074551565247
12008988,0.9683304356548358
13033932,0.5408247388399438
12023772,0.7348915246186245
11038552,0.5307772170085238
11019182,0.5253363419317708
13049214,1.448916706759593
11015320,0.8227605026116362
13003564,0.7629372918028058
13025483,0.3579397445488419
14018860,1.1229960210498282
12003757,0.8715554520423497
11038492,0.8148787335198705
13035199,0.7681089236267615
13010400,1.0317219680855527
11027446,0.6528297690120773
12020710,0.8256934903075211
13018665,1.0779468541577115
13048455,0.3493933625686784
12015816,1.193463801274462
12004370,0.605124738256208
12019868,1.411969470156534
14019049,1.1387209043294015
13049286,0.7348915246186245
14022939,0.35423905358268315
14017044,0.9294345671457465
11044557,1.271891732375194
13017836,0.4556650731515953
14017913,0.7033907881662365
12025170,0.9665241006058477
12013224,1.0000855249311482
11002256,0.27623827068558404
12028190,0.6079110717582633
13018045,0.22786768289501969
11033330,0.8139397099684934
11032253,0.7078868486041435
13003319,0.9343806090434388
13026169,1.4216716306793946
13025387,0.9447289801300144
12003862,0.4466635733518705
13035978,0.7945247526874193
12012146,0.30476591481785603
13024482,0.7308486521957178
12016984,1.4776677976122026
11038319,0.7874215045185613
12027794,0.6140665805793895
14016629,1.1473625247762855
13101154,1.3299838553725363
11019461,0.9494358788717288
13003852,0.7826096770749729
11046694,0.6547130351107743
12013180,0.5733173478380226
11002247,0.42205103684069245
12007831,1.0134965968636707
13048411,0.5059757772994276
13009896,1.1928269864267484
13032450,1.1974878427551938
13004302,0.3768838092747924
11046772,0.8721173483961064
12009674,0.39600597138741134
11052009,0.46122182401130535
11026433,0.6522483948401486
14006209,0.7789564533252993
12017276,0.7668653396261884
11025275,0.5436777707083311
13012221,0.37591421322009955
13003214,0.7434172605225342
12024053,0.7307545631434431
13012391,1.012128091669384
13035231,0.7698397310057785
13056668,0.3073687100649058
12007565,0.2517892222946701
12021352,1.1934407227098158
12023698,0.717397944913446
14017213,1.1245825851198346
11046438,0.8301967537275374
11026991,0.5952065851535757
11040123,1.1644632105159756
12020315,0.40180470687192976
12028114,0.3735467632996865
13035147,0.48537971994295886
11052027,0.11839526731625435
12011573,0.9546103833647587
14028512,0.913509440036927
14012020,1.225751464968927
12016720,0.337833006081103
11047439,0.36207774043229324
13016659,0.7348915246186245
11007277,1.11112466030908
13004688,0.47040627027120635
13033029,1.119871624436544
11037958,0.7348915246186245
14029315,0.7840300179605402
11046498,0.8127328765700897
13048540,0.6037782722274053
14038842,0.8766190539519346
11044199,1.298300073711681
12028980,0.7137618770532944
14028762,0.44955589950163233
11045441,0.7953690285979977
11052943,0.9524996340379998
13010510,0.9298959333827103
11047464,1.1707988827941391
14017696,0.7348915246186245
13011603,0.2755198405243769
13018886,1.050040327756922
12019660,0.4421025991424212
12016505,0.7556077430408382
13056832,0.17620246225062078
12021078,1.1622985935862908
11021804,1.1702616569737498
12019194,0.4855976420893816
13035073,1.0675514325425377
13010836,0.840942568204607
13017846,1.2754737284980806
11027370,1.0302804404043135
12019600,0.6268780259960519
11038945,0.7673810784589921
13049828,0.5917942162410129
11014868,0.8536303725921606
12019943,0.5881824288815228
12011415,0.2396970229796754
14012779,0.4711520194400629
14012340,0.22784144738556283
12011427,0.8954788892245031
12017269,0.7483658979825918
11020047,0.7348915246186245
13023984,0.5144466644132107
13026378,0.9381111893971367
14016592,0.38806728436489063
12008761,0.801657815141168
13005014,1.3298571412067952
13009961,0.14692764266875194
13012272,0.41269413529905935
14022816,1.187278141504059
14016791,0.3118138944846595
14012905,0.7348915246186245
11002281,0.6300700143536939
13028041,1.19444535743901
13049068,1.2259498547361
13101675,0.7348915246186245
12028618,0.7671685425655195
12015800,1.2595956496299268
11026207,1.0950818857220355
14013253,0.533666450848736
12004505,1.1690637294411517
13100704,0.9820854149973729
14023328,0.6952360393724253
13005464,1.2578669822118607
12013467,0.3099493043114642
11025306,0.22595608437381
11014809,0.48682099494474496
12004781,1.493112073567832
12028593,0.81014718914957
14022460,0.18794017051583323
12015620,0.726303032738256
11013065,0.8331473647540184
12001180,0.7348915246186245
13059404,1.2249315611701934
12012441,0.30296947554582254
14039366,0.40996755914987093
13004318,1.4738597077720712
12015942,0.8202047725061573
12004706,1.2241950400732033
13019114,1.0901443478433306
13049728,0.7098957136848274
11101416,1.2428572781810476
12011506,0.5294074771335257
12025133,0.7190384924991636
13025446,1.1947522182262256
12017303,0.9736290180779151
13032684,1.180117132110718
13057544,0.9458102707334702
14013260,1.1761711624264044
12012019,0.31641338868324725
11038518,1.0314382161672204
14008397,0.8580495822336855
13017002,0.8198504764348452
11101425,0.4620724932074383
13012830,0.5678148826869344
13034454,0.9394092990726761
13026030,0.5671606745109685
13010928,0.467370652911498
14013086,0.39436874587248405
12009233,0.8214284700799696
13032390,0.3683002080271238
13055472,0.7161239374695263
11025784,0.5362995674892979
13040527,0.48299423403293995
14101234,0.9903218741459836
12017060,0.5250407227563635
12011817,0.15242435165585735
12016986,0.8555518380363758
11037854,0.27476318888257273
11027740,0.8988338998591568
13019736,0.641530260531117
13036053,0.7348915246186245
14017081,0.6705198962350957
12016667,0.8906302494665548
13018004,0.7395619780957807
12024255,0.5025528184850107
11044281,1.5017739048114214
13041499,0.565857472352455
12028389,0.604895748952557
13028116,0.5186931092151896
13063186,0.16116896023281496
12027978,0.6555819965041624
11033744,1.011642505475726
12019181,0.8308652292050143
13016893,0.9691044245526726
11039428,0.5315905878623902
14028673,1.1879972882722112
11033836,0.5202829265337751
12007162,0.8152644770192927
13004538,1.2551333341545143
11052399,0.9563898282649343
12028439,0.8289294079950363
11045847,0.20447461840682601
13041296,1.2144015359868496
12004410,0.4951021188431616
13003309,0.7222272596817618
12004138,0.7965237777239168
13004232,1.1326856565957217
13034869,1.0190776766931997
14018972,0.5941114783565289
13003265,0.5995427768716124
12028507,0.7348915246186245
13051868,0.21780342901474684
13040149,0.5999999184567042
11020349,1.0766816821043947
14022302,0.7348915246186245
11020226,0.86235138817606
13034773,1.1261303414147323
13003421,1.0554590327128197
12012116,1.305194743584438
12027371,1.1077485511721192
14028115,0.4690640684867641
12027504,1.2072777360991929
11007824,1.1990201766087973
13009969,1.029795976391038
13017390,0.4502099789712931
13004649,1.1423762499705952
13051253,0.43650885901028896
12020388,0.6967242661724411
12012807,0.8525553424589645
12023629,1.226206486702006
12011861,0.7790017067810052
13017931,0.48119535442105693
11047030,0.27458242849076403
12007439,0.5101549813575649
13011654,0.6831127416333521
13042851,0.9363937761391788
12012390,1.021724314217275
11100937,0.5236297418900624
12004787,0.2841193061744952
13025787,0.9668052581634907
13004659,0.801400534257687
13034041,0.9352610978699626
13016570,1.0289647527445822
11051650,0.31236617214949985
11013758,1.1828728765965841
13040208,0.7348915246186245
11047076,0.4521754433109761
12100200,1.2556591769481922
14022925,0.38276918873913257
13010941,1.2914757078127677
11046747,0.4193860054674158
14012600,1.022404673851399
13019907,0.6792470301288293
13033821,0.5337545887066802
13010291,0.7079983257551081
13036186,0.6712347832006762
12019361,0.7314162301899865
13032792,0.35721051695830164
13009715,0.7759733241391783
14018472,0.7348915246186245
14018168,0.7348915246186245
12012159,0.4832072554519991
14028287,0.8869400687248021
12024380,0.7785474296913367
12025584,0.6875348771010654
12007972,1.0432852129634005
14039131,1.027907244144986
13043666,0.7712785117748028
11045099,0.5470522117964043
12024773,0.27397193428910116
13020600,0.18812786336932744
13063674,0.8523856536779291
12008898,0.8845022546536045
14022408,0.5822534700621158
13031558,0.46018903133977007
14034462,0.24484973096792198
14023137,1.2983112555257779
11038482,0.8396302596091475
13020615,0.5604166360137469
13064855,0.3072031975106
12028324,0.5122074881654
11025407,0.7363393766556819
14006539,0.2992296629837533
14018805,0.6374597620760335
12008597,0.9253062078630099
12011729,0.8262644677884579
12020116,0.31827769039498993
13051113,1.0081208362833491
12004792,0.3443428147816864
13041768,0.8485880885548391
14010726,0.37391901326649035
13033964,0.5641172321248635
13002732,0.8696021500782728
13035234,1.1839454240200844
13025280,0.6212190155589448
11052685,0.445944361372532
11045988,0.6018852857261058
12007856,0.6038350957500784
11100610,1.1051859618351023
11052331,1.2180215367252718
13024718,0.41688140743756413
13021229,0.7765664131652925
11045681,0.7978266760907347
13058812,1.1058690468647363
11052012,0.36279230101390314
11047600,0.47725578879842345
12029432,1.3183933949354556
13064340,0.8199134828918475
13004913,0.7351816830668786
14023510,0.5700425370979137
14017531,0.4496530516287384
12023689,1.2625356771230662
11041001,1.2046570650842519
13012411,1.2779011363819908
13033662,0.7321530436006893
11046415,0.5661929851570172
13010240,0.6996370789676885
12025476,1.4647527547363306
12029209,0.3935717887235268
13048606,0.4764087411114
13040870,0.2739664266170173
13017965,1.3012398441553208
14022864,0.9072602210611534
13051825,0.29230594143022404
11052494,0.6771127491226328
14017817,0.3926815053381659
12013082,0.19827768834881318
14024658,1.1234415302002347
13040903,0.7109995972543492
12019697,0.2889583570621477
14023783,0.9369990345956997
11032026,1.0392313533394382
12027910,0.8245653848253681
13004189,0.4765315826832873
13027498,0.5860035333415327
12101297,0.9059505921490144
11037515,0.8253323129919811
14024599,0.822755731670665
14033814,0.21085207332923325
14022393,0.18090145273458463
14028929,0.8658852459469626
13041561,0.36874055331942257
14034263,0.8126042919238521
13024721,0.9887049779639331
13050576,0.781649398260749
11014257,1.035952424488074
13026132,1.1946731158231172
12024815,0.33884343294970604
12028086,0.25184932452612874
12025023,1.0030163126698195
11100983,0.8210410735513501
12025510,1.205342653432131
12003455,1.0421130781069932
13051052,0.2800228265796111
11052023,0.21934768528533719
14100565,1.3414464730680062
14008656,0.5673428341306603
12024834,0.982524685995336
12012821,0.3573709836302292
13018524,0.8972275877803153
13026110,0.619251511776459
12020663,0.5501713955474102
11020203,0.5302171648634335
12020767,0.41719813178492593
14016944,0.9423683382670383
12005363,0.6851149006863215
14013191,1.104030711056684
12015914,1.1131132535675015
13041175,0.5648181396865256
11052420,0.5983368092251196
14012742,0.3642871384756507
12005148,0.8808831425695343
13032138,1.2292080491368549
14006203,0.795409923315703
13033959,1.071207012233372
13017695,1.354328129374688
11021726,1.190275682604129
13009856,1.1734986559392404
12011342,1.0406996271241098
11101610,0.7348915246186245
13101627,0.8962807919391609
11040838,0.759767072752539
14016585,0.524083141058372
12028791,1.088350330779985
12027936,1.0375420042046666
14022225,0.457440639771523
12020354,0.7324013659505753
12023196,0.3708439899371533
14028430,0.8333086010976708
13101043,0.702057526283795
13055903,0.9816654214432241
11101259,0.8961315634241004
13034969,0.5011289031772326
13026857,0.3859784854308802
13044235,0.309543992222555
13010303,0.7332581658313956
13025915,1.0034573519404388
13024676,0.5034349780815591
13017301,0.7167862264133369
13016602,0.4594159108696445
13049864,1.1783827517098833
13027932,1.0520836581872812
13035238,0.604185841572762
13016972,0.7348915246186245
12009144,0.9717765455832508
13010860,1.3631110355515448
14034280,0.5141589437853427
11033862,0.5728787559102687
12019429,0.7753901461646285
11041126,1.089100847886318
11051594,0.9930620045611076
13026202,0.49138861661432764
11034319,1.043767140910214
13063112,0.6829361279652812
12012501,0.243221962438091
13033121,0.78526799471637
11033297,0.6188346064346909
12008269,0.36858275305202226
11047003,0.611825865237006
13049222,1.2213687540643794
13057760,0.8117476828781027
13003411,1.1615753409393923
13063194,0.7987766009198198
13064274,1.1943922601541859
12025187,1.0698824613367446
12015920,0.7733751826506974
14101252,0.7348915246186245
11026350,0.6174097591070634
13012291,1.301844448821398
13027528,0.4224253387356119
12009081,1.0882159761901218
13027460,0.976680873283457
12011836,0.9078193643885297
14039102,0.9104203815394594
12011990,1.1935013176296123
12007749,1.1065484116517028
12100748,1.444052834115347
13042237,0.9960603893461227
13056057,0.7427320844390394
14100553,0.7348915246186245
12011621,1.1343099101559604
11013743,1.1516590819725177
11020659,0.7744873314156234
13027938,1.2118287360252147
13041525,0.9927062591175874
13024811,0.2146270981571767
11025822,0.614660253604234
11014367,1.2568773887754368
12015812,0.7549649188047545
12004350,0.4527001917113381
13043729,1.206995061916721
11044373,0.5999145424763852
12007526,0.44425913684872853
11039469,0.6449616714273604
13017924,0.5542987505689316
12004646,0.4609844944410971
12011790,0.713322457625682
12009052,1.2799687048183832
11045756,0.39903571307575325
11051300,0.6754130614150429
13010729,1.237366225756511
12021463,0.16062457465849841
11021238,0.931414171306265
12023891,0.2433082816874109
11013961,0.7348915246186245
14027011,0.6521854096473874
12012361,1.3369870246987694
13024669,0.7739110371382926
13049862,0.7348915246186245
13050552,0.5425096312071375
12029414,0.3586282269378347
11013649,0.8660717789426516
12019472,0.579442545086342
12028754,0.9723972257860093
13017372,0.9350850466268269
13033678,1.3468989876362485
14017963,1.13923622861603
13011115,1.3652589428341817
11052334,0.6964594667204033
13003756,0.9444653196068336
13018063,1.203279664651269
11044533,0.32386302964027086
11034292,0.891952075801499
14011303,1.1549850639888113
14017795,0.6324740500281316
12025457,0.7290528110723922
13026019,1.3837125378449848
11034356,0.7343324056934354
13036129,1.404993040457449
11025983,0.40905211693222016
13012356,0.7077417834450327
12029378,1.2034237497949372
13010675,1.3147099967220204
12032590,0.8755397174733673
13059462,0.3399911223748631
13101174,0.7348915246186245
12019954,0.706547380026365
14023173,1.0923091944070271
13036619,0.24592957849461455
12015592,0.7348915246186245
14028619,0.9511170325568457
12016904,1.4588804208943393
11006731,1.084044660723307
13018296,0.3395681957047637
12028456,0.6120527318105347
12012106,1.2547877507147536
12019715,1.2028167774264626
13055233,0.31212258087950345
11026739,1.1199589197027118
12019921,0.6173164373711602
14034009,0.8492823326653051
12029343,0.3559260485234043
13050398,0.2710594397066495
13064865,0.8033718104019739
13033994,0.7348915246186245
12016959,0.5364746983620822
13056198,0.5377419044485235
13018120,1.2211288842406705
12021093,0.30498206077114687
12016198,0.45471260558776583
11033069,0.6481569354501016
13025741,0.774517473717736
14011061,1.134868093654127
14026759,0.5568722326724543
13004590,1.0590570953694414
13011640,0.16469653141751286
11039092,0.5984225732868973
12019904,0.4000205489511829
13048612,1.345343613080985
12028674,0.5102641378958834
13025131,0.7679188421596655
12005193,1.1126038306741886
12005173,0.6767200641215244
11033892,0.7000374421271428
12008211,0.8310679675637401
13003337,0.8940027517840512
11002207,0.5938009783004531
13019162,0.8423425531656072
13026181,0.627510313313118
13056911,0.32549943433160416
13019096,0.7697140765989945
14028970,0.6940440504982106
13026827,0.44999864120823785
12024929,0.3724012188319567
11013276,0.8798646703266844
11052702,0.4701011268192541
13048583,0.2450785158639954
12013218,0.300911041960482
11028591,0.362971508917224
13100755,1.1901808269069443
11041341,0.7951221658876204
12023651,0.9928221274589109
12025222,0.2534653264619465
14007569,1.0163102283874688
14011260,0.9408639121300327
11019388,0.25152049455180053
14012855,0.7506848689317667
11039736,1.0201159976351435
13028097,0.8034012965278989
13051152,0.69227440731214
14033256,0.17188509791552897
13035573,0.7832209580908363
13063689,0.4109750990666161
12008997,0.6400802707960109
12007870,1.1199740804990084
13055650,0.737425138660423
13019185,0.7724489687639879
13019636,0.7348915246186245
13050968,0.7474463616467849
12025188,0.2698579146742073
12005109,1.3824123721785426
13020317,1.2108121275699821
13028761,0.33828333477315653
14011245,1.0959613973680822
12007875,0.7585622375256151
13010649,1.2975386427124098
12008421,0.7348915246186245
12013147,0.19514382659619053
12005182,0.4093447510788574
13020560,0.717295373554959
11018967,0.8941104358804254
11045057,0.9324029084128512
12100146,0.7348915246186245
13026079,0.9687612688539526
11047628,0.37218460492912575
14017548,0.5988615096987404
12015873,0.819180453873069
13034352,0.7348915246186245
13005085,0.7518273847842366
12029426,1.42884939547544
13010528,0.6099497632004042
14011648,1.1216108288775821
13024686,0.6193714837789482
11037681,0.44443093830141156
11038469,0.3058004271820667
11032659,0.9330251911199967
14006813,0.8430198889261151
11044437,0.3619261002306742
12024170,1.0870280527938823
11033314,0.8278525105663689
13024907,0.8343159074257391
13027336,1.4646834930659882
12016780,0.61363713788664
11050863,0.2854932072764695
13020753,0.9907092494821269
12019834,0.8650088892796952
13049313,0.9157982488223758
11033576,1.0041592321666613
12004492,0.5860126871558924
12028148,1.127634468087704
13011176,0.3643696651315062
13013054,0.43354755800785394
11014326,0.5015174721237222
13043047,0.5286455282977727
14022902,0.42380117396647493
11046489,0.48800183116831153
13036560,0.6804219835318933
13056012,0.6252411150751679
11013760,0.3438195702196032
11033416,0.7401968185416706
13033481,0.2919274910530058
12019218,1.2304449190507167
14018540,0.8855561115372799
12012413,1.3731714200163059
13101734,0.966552559115527
13035017,0.3902026781452671
13043084,0.7566438335644848
12009154,0.8345329702619677
13018506,0.47075202446243664
12027802,0.885833070693692
11013857,0.30934095809031575
12025227,0.520048993885493
11025265,1.2237546686479055
11045499,0.9945941684615869
13017967,0.6151571471867949
12003338,0.5328672656401414
12027781,0.8988402111003486
13020467,1.1027787207036839
11045855,0.3310952459141479
12004175,0.48276499702428843
13032796,0.3910190493712674
11044018,0.5178261984037306
14012194,1.0912875376684121
13041160,0.26342381982365487
14028550,1.0028047729774343
12011523,0.21090076102717828
14011839,0.2795486062738627
13058752,0.6756299738168374
14005538,1.014050812813997
14012279,0.6683081273726066
13004702,0.45218682776799785
12031934,1.131243499803781
12004493,0.6025315122166686
13003192,0.8868460739468109
12100752,0.41234179504676066
12007608,1.3344771641346562
13002959,1.042580718144288
12013511,0.7098923876197419
13043612,0.1880675517797371
13042810,0.7348915246186245
11045160,1.4558260368995342
13020526,0.5770528771482998
13025237,0.6856911001872128
13035149,0.5714813244167806
13034663,0.7638632346563916
11020881,1.084180017477984
12016971,0.9913530931234541
12019333,1.0821163727017806
13042162,1.0312717990299125
13048474,0.31667865743398443
13042896,0.24010923784103674
11047021,0.6096535489684325
13018634,0.5338790453558085
14017622,0.7348915246186245
13057432,0.42581178177247003
12020465,0.9378900757388561
12009012,1.0141173117307933
13003326,0.80296612898307
12004223,0.45269358460837505
13005172,0.7555288921478096
12100760,0.7348915246186245
13050890,0.8749454930415534
11021207,0.7273404451667803
11044361,0.840869256515489
12023872,1.3391141776564062
14007500,0.7437808087046281
13063198,0.49445318427801915
12029487,0.94589086188619
11047304,1.066692010657539
13027450,0.6562235710204226
13048452,0.6751506068853921
12011693,0.6071860394345263
13012088,1.2510621386472154
14013812,0.9753062262198234
13019308,1.3292627162753825
14017744,0.791095614062917
14012727,0.5248700477661676
12015526,0.27074962283185383
14034187,0.5527889395934915
12009521,0.2538144425228317
12029296,0.25782899751565314
14027302,0.6487826910909348
13063470,0.6926100578394584
11050704,0.9700794625343468
12011719,0.40928411748675414
11044595,1.0321771513706262
12024126,0.2672735676588632
13032311,0.4827178487894304
11026334,0.9675840110584824
13051240,0.9907321995174715
11034097,0.8128773077651832
12016700,0.7541721535973362
12027987,1.0100363743848542
13100781,0.6759036177427852
12021391,0.8742875399858473
11015363,0.35256038633050707
14013220,0.9038668689504109
13017902,1.0963139654456378
14034700,1.1822391601954825
14005667,0.8593105688769386
12019899,0.8894476674488412
14011885,0.7348915246186245
13018695,0.4664657470462851
11034278,1.0313459110507803
13005322,0.983334611333993
12016793,0.26311426751428657
12027847,1.2122741292273287
13035069,0.8502954001993105
12009034,0.67191866928486
13063183,1.1824222686259933
11046372,1.1157736657234119
13018604,0.5334376262472941
13043987,1.0883124677001574
14028069,0.7973399691084985
12015167,0.3633627177172339
13009925,0.34530355121123146
14012347,1.2354338951746677
12019393,1.114056975840885
11021269,0.6067779395415827
13033225,0.7451710422148132
14018019,0.6534488393961154
13012579,0.7775564725672938
11038649,0.2888685570415652
12009454,0.7041632382475972
14028760,0.4063767134530212
13004282,0.9944577255210548
14027104,0.546066904440284
12029116,1.0298445573900579
13032924,0.8770783976221211
14022359,1.2465700101071227
12012154,0.7881069962772664
11038434,0.6671764097956764
12024806,0.7360390322977559
13049169,0.42174821074945296
12008332,0.5281635669783601
12025616,0.21325304100000245
13025511,0.4689390760315692
14100835,1.0920462232773638
12016603,0.6285728637146859
12019521,1.005962241845323
11051057,0.9401423270572742
13026668,0.7145804139763636
11101134,0.43327199703784197
12016370,0.9295933952457187
13048604,0.8979067357011675
13003741,0.6645176096420382
13056261,0.9255142766086032
14013554,0.9423283629661589
11044614,0.2534963650566494
11051260,0.5780674739479049
12007255,1.2339632195282393
13057822,0.5789915885766638
11039587,0.6337466001867557
12004674,0.36069356233619543
13051799,0.2942249071641719
13011127,0.6039441292760567
14039585,0.7285143575465327
14016503,1.0832601070098962
12009251,0.5958271701008159
13012958,0.35696213927999443
12025264,0.2843566869729701
12005138,0.28994402855750334
13010357,1.1833417346204884
13035561,0.5152884311071763
13033432,1.1939306176311075
11052229,0.6663921615595022
12015574,1.1474729349092134
11039129,0.4747011112611793
14023432,0.5942885533991351
14006259,0.3803725733210179
13036660,0.2858059845956976
13032160,0.29005519935548024
13016880,0.6903970795936347
13043052,0.16653401206920587
12008317,1.2337813277636467
13049323,0.7024146523069144
14022969,0.7793696337383562
12012627,1.2330997895217037
12008473,0.31851935065558407
13003378,0.3799903991941915
12025210,0.518620776025828
12028047,0.7776583959132755
11045739,0.9372694641914222
14033292,0.5062690392958772
11039913,0.9011183376517409
14011294,1.141144748040857
11051266,1.093090288719073
13025169,0.7542434756660527
12023761,1.1383988485341294
13048597,0.45576227224330695
12021105,0.18090084852956823
13059427,0.657173604240781
13063830,0.7731770412664807
12028932,0.5098186650727278
14101487,0.9303180708538463
13051213,0.7516854016388164
13049601,0.846924189591105
11044750,0.7348915246186245
12004146,0.11763258896118485
12019702,0.4681044024816591
12015628,1.2511257843651762
12009486,0.8983693643329941
13056184,0.9465273446071646
12028049,0.7348915246186245
12018979,0.6354895421522447
13003693,1.0422014416200094
13027503,0.6984251391191459
13026503,0.9388506839081039
12017745,0.6287198316643707
13051026,0.5781667956046375
12029040,0.3149870035518921
13020136,1.1739868818228734
11013363,0.7536715053925498
12015904,0.3020683530728869
13019524,0.7348915246186245
13042590,0.43664230530810916
14018415,0.5859112263236769
13100090,1.086444050756253
11020839,0.9110477237862645
14100978,0.8046089061385079
11019205,0.6090413165808538
13026743,0.7560365530449569
14018495,0.6715313447761119
12007950,0.2195044053160106
12003429,0.44004420752137124
12008201,1.196526958401229
12013186,0.6110575925471808
11032130,0.449159372186528
12028360,0.5103036868140106
13050326,0.8399948029729768
13018667,0.38876033309043695
12024005,0.19540222899800783
12004044,0.8764953782882711
13032498,0.3496958913131316
13012334,1.3669958913792275
14029473,0.6310245017791234
12003625,0.28353169486598834
13009812,0.5825464678810505
12016356,1.0568701471041502
12016649,0.5884600666652742
11031315,0.9868834406580376
12003865,0.851542669082741
11040219,0.12976279677189415
13010430,1.2463572403121594
13035263,0.5001688828462433
12005168,0.5095847917760884
11045656,0.5239660351388699
13024800,0.786967529223416
13100525,0.27903950116878984
13012406,0.5508867659057232
13048099,1.1475921718436037
13048478,0.3738145159385618
12032736,1.4444175612684782
13057287,0.8666276673308639
13025744,0.6174434706525117
12019633,0.2728253507503447
13027508,0.8844659540096684
14017427,1.1345946285339084
12023713,0.411477121699974
12023743,0.47542634860623195
11014896,0.24060662084581066
13028050,0.5415954230675367
11031393,1.3420217882570449
13005457,0.8887065603717916
11013856,0.5055077035513332
12005521,0.7762720670883626
11045689,0.8485977886154279
13040909,0.8492816140521525
13018286,0.8192387993721569
14021336,1.1876124933603627
13026843,0.15545816060211926
11014416,0.485172595276581
13027798,0.7938788290311997
13019314,0.3810538184835629
13017428,0.7348915246186245
12003392,0.6488767770611116
12008720,0.9849957466367519
14027650,0.5897195376547829
12011486,0.845565260208196
14028548,0.26794724262969233
12027666,0.6770630844349411
12011368,0.7093190128003936
13002718,0.8071554814169242
14033854,0.750991089880121
12004449,0.5206937828777966
11027563,0.5297755539788511
14022921,0.7309412239502227
11007771,1.0894796169179495
14039127,0.29604071300082
12011889,0.8282140849223038
13050923,0.38715558931795174
14007522,0.6227180964810581
12015802,1.235521501673748
12017319,1.2903609109399823
14100518,0.5092842212424186
13025142,0.8504741378022155
14028553,0.5692231167807087
13057791,0.6389579850305619
14028802,0.870163597121825
11026914,0.896492745212479
13027941,0.6674609588423438
12004835,0.8463565803868457
13003715,0.37355787195182555
12015970,0.7733668888682049
14100816,0.5484922763779648
11100748,0.49593634649785134
13040205,0.7206081772833367
11008366,0.2661600567183334
13101415,0.5654470885208129
13011214,1.3863614063522727
13020455,0.7404653472349737
12015563,1.2240599919455755
14017405,0.9164025447632761
14016611,1.1554765863157244
12021377,0.6517941703048289
13012371,0.17645957783704241
12025662,0.899228758153923
13017342,0.9664647022166959
13017380,0.36735564613815375
13042327,0.3575910678193938
12029071,0.7348915246186245
13028523,0.8013007398306276
12003554,0.7738149739674497
13048633,0.5170375717463107
12024870,0.983933115487682
13020564,0.5261068064835904
11032767,0.8573240926836015
11051187,0.2753918827144442
12100149,0.9791990424702076
14022960,0.9448452618579412
12008582,0.9631974706982364
12008750,1.263643321612904
11033364,0.7274018714519505
12007641,0.2890966073433215
14008472,0.4351411582183799
12007808,0.4800018263899468
12003831,1.0999777312847285
13042858,0.5529268208443654
11034887,0.4269483142232765
13005442,0.34042231056861544
11025028,0.48030801381598964
13017182,0.9972022499152995
12007993,0.7897821955302591
13011368,1.104909250581242
14007172,0.7204226476459066
13011189,0.736390466385205
13043704,1.312818577684375
12025569,1.0156714831650826
11044047,0.5256634215633695
13056838,0.6574056909418847
13024751,0.7574989346826794
13043761,0.7348915246186245
13043013,1.4634720303986626
14034832,1.1853775335133914
12025527,1.1842000032101434
12008831,0.9434110613518031
11013888,0.4738035197305308
12024028,0.7575341923161647
12028295,0.8418292242638937
14006709,0.6551035126485976
11045899,0.49387122009876394
12024767,1.2481408347926366
14033155,0.9915478351205939
12008186,1.360650229495967
12009054,0.9794816765489796
13010080,0.4969013499888059
12015544,1.1901384377591318
11019729,0.7678246245267701
12028576,0.23485791947770623
12024067,0.441080160408121
12024796,1.283577078860809
13035603,0.8611680066208833
12007668,0.9758588973932706
14002285,1.0458788335602396
11039101,1.069088108737296
11046352,1.0103243237968313
11020504,0.8483139809983224
14006119,0.7763995179310018
14028083,0.5697504792633288
12023715,1.2189475145945172
11044948,0.7508979453006133
12015165,0.5016797087345576
13035338,0.7348915246186245
12025041,0.8342845094090504
13048886,0.7793193178946773
13041522,0.5725968417085598
13005500,1.0213588886365235
12023991,0.7297567173861208
13057527,0.24921306129312382
13011658,0.7588760527879383
13049069,0.7913361314513219
13056799,0.7501568708569011
13033800,0.809996665818556
11028507,1.1764857848001342
12029132,0.4086595165751861
11100749,0.9426366824418251
11033255,0.5820085503794389
13049125,1.4078842276314734
13034500,1.0769103878386994
12012781,1.318014781499614
13009932,1.1732000638292748
14017504,0.6346541227612608
11046121,0.45368790948189175
12013038,0.6995196471443591
11101121,0.6996493308129135
14024096,0.5928465402530595
12004408,1.0340776305985417
12004799,0.9877984394527453
12027647,0.3795454482142077
13011457,0.7777134671211197
14033858,0.605181198161822
11046262,1.4701191674997205
12013073,0.7407404430233311
13026422,1.1574811419031794
12028026,0.35814746711865747
12020272,0.7430876830482696
13003976,0.803092137250893
13005406,1.1680467684053997
13010278,0.5143018542787432
13058811,1.183997497744319
11026281,1.0707125994137445
11045563,1.1960207847995692
11040848,0.4766889285926738
12016025,0.7590711495251667
13017410,0.7348915246186245
11046809,0.8766211096127252
12004788,0.9801433635821012
12019651,0.3332944792202222
13032949,1.3659149160550026
13101219,1.2326488204633967
13032465,0.20715961182818513
11019640,1.214097702214215
11047201,0.8394607845031341
11052071,0.8595672464263608
14027032,0.6596358035220902
13003834,1.1073371033189792
13057459,1.052041578398616
13058604,0.4381163172898597
12013343,0.3878597443665674
13034442,0.3783029304568251
13039548,0.7348915246186245
12008681,0.8460953614591403
12023285,0.2830003382013121
11039169,0.7509073054206467
13003694,0.5724021803307577
12017015,0.4603053683177984
12029074,0.7422476685153142
13010843,1.446207493893471
12024452,0.3232613370335426
13056557,0.9452851093502065
11021760,1.2519587153762608
14018422,0.7121291607044451
13048384,0.5572995500337552
12029337,0.42237187951711674
12100258,1.059953713865785
14039598,0.2676022399906756
11051343,0.5734212419644076
13010706,0.35652944902106143
13003396,1.2800633790542537
11014591,0.8837748005215822
14021305,0.6564958868326729
14013852,0.4825645025051233
12028878,1.1363851528417817
12100577,0.6230832003513365
12004490,0.6937074376856964
14033766,0.563848428703722
11021785,0.658866878492436
12027497,0.6537547415390177
14034319,0.8443422718421881
14021965,0.6618560405737542
11051470,0.5307993357923795
12028804,0.47760863892359867
11050680,0.653827096728001
13032443,1.4206311259925068
13063573,0.7348915246186245
13027902,0.562911937614634
12025485,0.9167184679520008
14034672,1.2056612997126204
13034862,0.4415447211244381
13026106,1.207876691791707
11047490,1.2680908888042026
13034874,0.5253761954916909
14006205,0.6245064441458869
11027903,0.3976479949941428
13040220,0.739270654135343
14101260,1.0211877507447982
11002292,0.2703000695878441
12008334,0.3599491653994612
12008478,0.33152093162279056
13025968,1.0815077686377588
12017051,0.44609289081150183
13017917,0.7186015750941416
13010327,1.2121159809006852
13011230,0.7348915246186245
13056893,0.8373968020896129
13024494,0.7660926830403882
12012204,1.192674110054691
13035556,0.4171593849310476
13050594,0.2808026438424862
11019471,1.2355867939893654
13011062,0.31979729592206185
13018173,1.0472077687687942
13018039,0.3069714141174605
13010081,1.13202574810524
13013013,0.286457810175002
11041329,0.740040398470241
11033313,0.5236126589588402
14027496,0.3775417409321762
13004311,1.1219849761410743
13059191,0.7348915246186245
14033927,1.1622866029462995
13033928,0.4981663684499229
11025277,0.748924564284182
13050232,1.1970576368340553
11026948,1.0264431818881115
12015130,0.5829931600005084
13018683,1.1238341798142357
12012378,1.2233204898108798
13011617,0.49997567599420684
13059469,0.9439521440147065
13060056,0.553430289196566
13028625,1.0772243766189515
11045261,1.115198394742275
11040069,0.8393541529030331
12012131,0.8874431204909189
12020219,1.0607612853057409
14023501,1.1683089269314852
13051784,0.9972537834034962
13004914,0.9527842178339576
13026566,0.7348915246186245
13018929,0.8363976939505213
13048465,1.3298835295204812
13011971,0.16880768735250085
14023285,0.9177197333372693
13025912,1.232079582612047
13028742,0.2305167234002341
12027236,1.192715573884992
11033356,0.9814939056168748
13017930,0.5255146442072561
13009636,1.098660554218979
14006647,0.744432951443979
13026804,1.1131944024850093
11026310,1.2093448130867086
13040230,0.30891609316113505
11039891,0.4742075025884424
14012356,0.7141055326038726
14008386,1.1382650223877226
11041312,1.1489279319529737
11038521,0.8854826324522457
14028527,0.22222511249043161
11050805,0.5765554427470457
11020165,1.0323700294183509
11039661,1.0632955164296947
14006252,1.1491726707769334
11038453,0.7835752501984738
13033904,1.0063432411760738
14012326,0.4225645399193012
12020447,1.0176696864305075
12007525,1.1303817818221025
11028073,0.42592290703868185
11037782,0.8791320486164208
12028981,1.3087491515189786
12003678,0.9983828439975041
14034669,0.923307257110438
12019436,1.2031533240109342
12024045,0.2531590404111573
13049088,0.7741653756372442
13048616,0.41376746105551027
13010508,1.2132531855554116
13042375,0.7348915246186245
13025514,0.5855493476639045
14017048,0.7542731910703968
13043703,0.3683870404957386
12009177,1.2984496181940701
12007371,0.4439464870837158
11013358,0.3182990431444458
13049851,0.19762915218245022
13042987,1.0415790328030081
13010544,0.5731684910759498
13005173,0.8923135031297449
12020298,0.7009801951911966
12024591,0.8028811582132422
11045095,1.2575950191750047
13024725,0.9121321419539522
11027778,0.5700648557555626
12011728,0.6957572540879597
12029102,1.1751047217815869
14028567,0.2685890521235245
11044481,0.7559289124251961
13064767,0.6563521888259516
11032059,0.48110518205599406
11027714,1.1176333167631511
11027502,1.1219678877689216
11050732,0.8417707831303813
13012329,1.1756607002076682
11052669,0.8048678775877881
12024716,0.8299920641846221
12008658,0.2576479762480665
12016361,0.3183756415960237
13019945,0.1608922312916525
12027557,0.4543834293340212
12029092,1.1352306669803474
12003562,0.6820178674482876
12024047,0.255377305807152
14028947,0.5749805484727014
12008225,0.6250096385780446
13034651,0.7397824827258962
13025884,0.44806955793418474
12024478,0.47391944839984856
13101699,0.7923770619191958
11025564,1.2266774953961452
13064175,0.5723884571250577
12008805,1.4289514953455837
14022907,0.8336428787582799
12011419,0.7331551747855106
12021440,0.7353347022164005
12020145,1.2067978493466922
14012787,0.9234637649011097
14016825,0.756068872899694
12101380,0.6334576917834839
13034584,1.5180493741412266
13041642,0.3338045342796364
13041518,0.57467152067735
12100393,0.6349420882604734
13043019,1.1390652919635034
13040569,1.3662596418385053
13035085,0.5713494527739844
13043588,0.8466030754674756
12029291,0.4404257420827439
14019226,0.618335915178371
13032757,0.585041026825081
13018688,1.0118748713308137
13024597,1.3015907086912668
13011771,0.9885914868628496
12024331,0.8511311730767362
12004402,0.5849234775648184
13039948,0.8687426918801843
13059324,0.97238862239221
11032620,0.7903295685112753
13035739,0.5639813911112903
13032152,0.8017919122733301
12029488,1.1278064523883857
13101038,0.9963876698773978
14023750,1.1562482281603443
13035806,1.1797388374190312
11033328,0.29808609033757555
11008344,0.9111857002439883
12004485,0.7269105618967755
11033298,0.8667112259935047
13035444,0.6846980765488336
13040722,0.8551281898846587
12008126,0.8404120497847412
11046465,0.4319903016391952
14039986,0.4983046972355284
12028238,0.999396212410326
12019264,0.506901747059216
13012938,1.1119874069329463
13064756,0.7511876474913862
13017170,0.6318160205605475
13040052,0.8603130553374787
11051500,0.6524697525211296
12013349,0.6758534948805457
14029410,0.8502204936104973
14018792,0.9634871746280838
14013482,1.029876846296085
11014303,0.4183688830768411
13050207,1.3143620565160634
12015664,0.35620368085597126
11019953,1.0250274389689447
13019152,0.5701625415137969
12024117,0.5320050360516274
14029582,0.7348915246186245
14013626,1.1295219957908957
12015428,0.7391186054037604
13034604,1.2189616888405144
14012165,0.7348915246186245
14007463,0.4854480056353927
13058706,0.7475500443846061
13024828,1.372146526044166
11031629,1.0570890053324997
12017088,0.9770720829367991
14023357,0.5469187895047756
14008025,0.5529997795983819
14012374,1.2214126575303725
11044564,0.7974450843461761
12015805,0.5516980569641745
11045090,1.0301887139456132
13035908,0.36151673519130534
11026422,0.7267813294783431
11019433,0.674104604703993
12020124,0.720046635776743
13058046,0.5583286631459314
12004971,0.47082146468928315
14017886,0.9624291824008716
14006127,0.42591300514424973
12029089,0.4673619177553945
13049605,0.6829316811727781
13042527,1.1845032717722421
14006265,1.1484481139118368
13041681,0.3676985660797777
13047925,0.31710555001189733
14026917,0.5006587863949439
13043682,1.1471371907012917
13005313,0.8042516114678588
11013321,0.3800389812626714
13010287,1.3080656645808457
13041851,0.7497159476389945
12008945,0.5832033392597797
13003855,1.4381035291682827
13100951,0.6632610654218397
13020498,0.8011021373771215
13025209,1.298515274022199
11052005,0.5352428538671887
14029347,0.7773347262963031
13024401,1.002174996647898
11021103,0.8477281701050804
11046892,1.226137460555279
14100863,0.972868979236056
12004751,1.0524145566641954
12012466,1.2108408284306225
13003387,1.3253988380397048
11050869,1.1550683704023301
13011686,0.7638874443534153
14044225,0.5862546609561856
13031888,0.8076423235458792
12015280,0.4449116686553099
12020613,1.387107284295781
11041146,1.0399582246862737
11027650,0.8323706221911609
12013198,1.2496547494930053
13101225,1.0085540499163876
12017053,0.3187142313342973
12008772,0.9190899397597588
14011248,0.21150120468782513
11032438,0.6812572211117263
12011456,0.4241940852855968
11044455,0.9452413607506444
12015320,0.9359000548906058
14039660,0.7348915246186245
13019387,0.6556935489988849
14018007,0.3780084901417608
11038194,1.0151000016100076
12003802,1.32417801558367
13012418,0.3908362613904187
12003853,0.30437792768606153
14011154,0.7756904917075939
11007359,0.7271130462101029
12012733,0.8045329238755553
13050503,0.978773495915182
13032428,0.3570269268102719
12007823,0.9425252597014446
13048634,0.6184393442056813
12004260,0.8875667238761472
13012101,0.30544037518592854
13055858,0.9849678222851865
11031897,0.7348915246186245
12012670,0.38608948836255985
13020488,0.9752242497721754
13026858,0.32546016005887757
14028501,0.3599678580250628
11047674,0.7348915246186245
11015122,0.7613405233413559
12029048,1.1497284796963856
14028072,0.6039555015863184
13003841,0.7028462226826556
14034220,0.722170307975852
12013460,0.6152260732469587
12024078,0.7632692773926939
13041920,1.1194341665936702
13051882,0.5370577194356282
11032138,0.4285434977621529
13056013,0.9517186461509767
14018887,0.7673510953023457
12019008,0.3490844126450983
12027559,0.9328454225449545
13041650,0.35031528801528294
11034523,1.0775207258213106
13004055,0.34880812720498516
13025547,0.7348915246186245
11026441,0.6120554260029454
13043388,1.0552155720618492
12021276,1.055321354924883
12028066,1.178984120342519
11039137,0.7795744064914665
12024143,0.7348915246186245
13032906,0.47037306879598806
11026990,1.068460352876489
12004836,0.2583086169709162
13033098,1.4173935935285378
12020392,0.6219942365946446
13040799,1.1071204615316326
11034962,0.8571086291872536
13013059,0.7307465652958178
14010492,0.7348915246186245
14029030,0.33207303695727725
13025534,0.2293698880755235
12004411,0.3546795806590904
14022445,0.649075187784164
12024764,0.2969044877129732
14034225,0.9734890424521546
12012923,0.7348915246186245
12100966,1.0301652074313312
12032040,0.3525029419155994
12020362,0.7661183730465304
13063226,1.0797206261180752
12003752,0.6201802663214273
13033893,0.5707338099918515
13058061,0.6231615479602177
11033646,0.6506430332804682
11051030,0.823439425532562
13033045,0.290911610078326
12023305,0.5238524273839039
14023711,0.9600030541950904
11033370,0.4387999991773309
12012777,1.2537093974094788
13017465,0.6753986767913229
13043232,0.35562346996718275
12011452,0.36008492335633785
13002981,0.6097191240667951
11044469,0.4719789106336077
14028402,0.7917934417437472
12011457,0.28677291185068754
11012871,1.070722259883026
13028007,0.3665140081660534
12024374,1.42241762343901
12016057,0.27715142568064727
13025092,0.7348915246186245
13033759,1.0755492807732647
14007627,0.18239711290166558
11027522,0.4617639228483225
13056688,0.9044633749258142
14012781,1.2110160188051715
13012375,0.5621871615487428
13012776,0.9866018146132762
13025458,0.4209496654206684
14019290,1.292262048345015
13035861,0.6047000036513479
13048618,0.7348915246186245
11025662,0.386706350123394
11013457,0.7523304887075932
13012651,1.2054687700966886
13026107,0.3757020232333869
12029644,0.8833618690248455
13017979,0.8247517073718685
12028488,1.3443048722046884
13009061,1.0507557525160165
12012829,0.7348915246186245
12016409,0.5919341148451587
13042389,1.0592242353115138
14011822,0.7414270508128397
11053107,0.5487589295136297
13010734,1.0395966240861865
14001833,0.616270064124088
12008086,1.4329979118001968
14016602,0.7495241644899288
14017891,0.9746606649295453
12012260,0.675771578441473
11052398,0.8007065231879387
11028068,0.5020094185052798
11051625,0.7764479544808993
12027738,0.631178343154412
12025473,1.2829208263944045
11020704,0.4680287906000885
13043020,0.9084964214006488
13020084,0.7259274539418933
14028334,0.6205237524811686
14011722,0.5733285939923646
12015987,1.3636348148421926
11045958,1.320171674133212
14006679,0.7767669739666712
11014287,0.2614881473862196
13055755,0.5114311414454568
13012399,1.1726432169926249
14022761,1.1588481878504544
11052119,1.0349863243109358
11032684,0.9738710917346948
12027842,0.43652541215678897
13049203,0.8683608548908844
13036580,0.9087831992067956
14013810,0.9623646074812056
13033710,1.0854385492085445
12025192,0.6868994058554915
11045080,1.2690540120291443
11007476,0.36821824252784185
13064669,0.7265814724967481
14017084,0.2783528671557703
12004206,1.203566897011589
12012738,0.991938220908645
13056821,0.5896326380620702
13042178,0.7018755110674306
13034457,1.1326442502492844
11041380,0.13874891953638846
12020630,1.2365569815211415
13049084,1.3491911632665659
12100169,0.42471637077366053
13012957,0.9928917200435654
11028406,0.9055905532471801
12025640,1.129315407902924
12004045,0.6627270222668742
12019545,0.6530427261839116
12024395,0.5027972355014905
14012846,0.3705390945084703
14101233,0.95163615271814
12016850,1.2165496783449459
12029433,1.2327867603920621
13044170,0.781233446978347
14100104,0.6488952070534384
13021021,0.8772315805052827
12100287,1.3615309871905201
12029083,0.4721858679479554
11027139,0.7464044285694802
11040277,1.0530685560195516
11020030,1.1212020923993051
11045728,0.9546212006234668
12029427,0.585794201583444
13024649,0.7265682383838535
13026881,0.1712527583940641
13043597,0.8461296396001584
11045058,0.8248262982898348
14022957,0.718031740589587
13044317,0.6441842701870827
11034204,0.9022190200639241
13011049,0.6220707565239164
12009131,0.5644535768720456
13035184,0.7551140413939488
12004009,1.3730974030906964
12023440,0.7871747160899427
13049812,0.7145509747157727
12012986,0.3359853699551087
11025872,0.5995291050756946
14029285,0.6355620923273079
14012598,1.2174094145768166
12008249,0.780782938127756
12032642,0.60715390182622
12024179,0.7913684765341649
13018223,0.7283563689705239
12020894,1.1961716967612497
13040460,0.5757463587682468
12100958,0.6668589285381595
12015564,0.8021042878068804
13010521,0.6109637122033226
11027990,1.0772040853718758
13056168,0.9610426038959431
13010793,1.3265424818003724
13056871,1.0545790983632617
11022304,0.6466505434727319
13042387,0.33120717787852744
11045198,0.8194918474842782
11019702,0.8075158261411736
13100733,0.6390275884486749
11040781,1.121182379924391
12028020,0.7450932896046375
11033905,0.9468082415527586
12101152,1.1893024524001534
11033441,0.6749573478926321
11039644,0.9158256426953225
13034801,0.6768513606806617
12015324,1.0240410821809047
12025623,0.6860151596101371
12012671,0.41714760741252943
12023920,0.5531056733766904
13048434,1.1076774928654178
12019602,1.2716931505538691
12016250,1.1151848843988028
12020696,0.669213663667756
13012909,1.076295822251913
12024021,1.201200793158834
12020016,0.9406309179056893
12020624,0.6271304587178386
12024048,0.5290099579178271
11034631,1.1448397754089272
12020036,0.2665962860070983
11002024,0.7567770872603414
11038487,1.0134321374927253
14018346,0.49113590590149936
14002472,0.7348915246186245
13048590,0.21593628937360282
11032071,0.7918935074670985
13041515,1.1252981967296345
13041135,0.5347032314612689
13017951,0.6411733982643946
13024262,0.4630617079005361
13043708,0.27261529639928433
13035321,0.22199757864289218
12020816,0.6516588904838629
11051629,0.41047443573488773
12019599,0.831299181570649
13035912,0.46515540680427475
13032213,0.9436007227389384
12008048,0.8741023084745609
12016097,0.8642716208597281
11026911,1.1804862144142305
12005177,0.576008123066802
13026706,0.7489024779053243
12012188,0.6145053332247673
13032066,0.48299797946875705
12004300,0.5188135119733086
13019205,0.7348915246186245
11040817,0.8037452224272845
12015860,0.311622763512512
12012850,1.1481013814442615
12024467,1.30711886451691
12009174,0.47655108094506005
13042983,0.9126000337366227
13063137,0.7405198849210786
14044226,1.140438678440169
12015596,0.5086551450034168
14012709,1.0597271422602106
12015997,0.7059039253993193
13102038,0.7592912086384302
13024299,0.6819357349203767
11021170,0.7348915246186245
13017985,1.116453491622261
11033076,0.7180733633356694
12011592,0.6429788779897633
13041625,1.1357222168037453
11013811,0.4888826340498636
13025454,1.2321784509018465
13018429,0.8311774275474076
12021141,0.49239749732609084
11033043,0.5229725922404694
12025229,1.0103855633228203
13056887,0.49262992456628735
13051908,0.2570250769315759
14011264,0.7362889214972335
12019990,0.7218663888741086
13020436,0.3580660626061106
11033385,0.7348915246186245
12019153,0.3267314201563239
11051130,0.980736296634951
13032478,0.3013613097666808
12004234,0.9540985208134591
12025642,0.2829202739987709
13010496,0.6734765398775455
13005086,0.7983337896754964
12020582,1.3832351150915425
13027763,1.22267206068754
13059276,0.599442528925538
13017171,0.3489905409140296
12016162,0.7856219966033917
11045588,0.8792943246572148
14033700,0.9208729495206319
11020150,0.779562591968105
13013524,1.1708295312684882
11100411,0.7432442512494705
13034913,1.275764610415519
13058133,1.0824796930685372
12020744,0.4238147995193298
11034837,0.6580382385569508
13011656,1.087229570805441
12009276,1.1253259106231541
13101985,0.7586428596224166
11035480,1.0832942949992586
14011651,0.6208580244511038
14005635,0.7536758957713956
14100963,0.9137372377961512
11046771,0.7583659628093958
12019564,1.1229467630787902
14008093,0.7957209008602277
13010546,0.5302464845076436
14023177,1.1685381755098188
11014781,1.0859925937455552
13010364,0.8923421135935949
11020228,0.9203977880324118
12029076,0.31119869815963497
11013366,0.32125344319710364
12024644,0.9555796222447704
12027589,0.7348915246186245
13025944,0.7189962710592148
11051249,1.2136034020287625
12020029,0.6562394440516376
13004181,1.4297102803873842
14001763,0.6962299963688761
14013114,0.5008788693802128
13048454,0.7697015827727028
13035937,0.27582124366516614
14028946,1.0024706994548824
11020243,0.1452799987074657
12012052,0.4866234435273985
13049406,1.0619567223161808
13035164,0.9977910794806654
14033260,0.5095909124562682
11014364,0.8707513290274456
13027197,0.9149983216202482
12023867,0.4343607903819264
13032226,1.3062097906232526
12028101,0.8048833095531044
11051992,0.4435480186987981
13064237,0.7965404025971895
13059411,0.28244305005491394
12028633,0.7225269189560309
12020350,0.6440279894846554
13005395,0.764585389790688
14017869,1.1312457360325985
13018481,1.1735683297505113
13026059,0.7060637323398635
12028614,0.29683889748871767
13024327,0.9953784176420826
12019042,0.7323772033903168
12008424,0.7104532448587024
13026010,0.701806215758384
11013914,0.7228928029348227
14010862,0.7281480797592169
12016641,0.7499385186276617
14018592,0.7408027131741022
12005126,0.38078789869888807
12003738,0.9735138585398878
13018389,1.2218759612107448
13051817,0.5885685100691557
12028854,0.7256106396023982
12027703,0.7954729527338582
11037889,0.6852993548577334
12025448,1.0563662237938174
13031606,0.8980485672985247
13033774,0.6725725271892867
13018487,0.3561456696519817
12012669,1.1759364095697948
12008188,1.0388155427361616
13051194,0.29989634499973905
12005745,0.7271451436667351
12016165,1.1555672429868018
14012644,0.7793122405474464
14006356,1.1417824696184187
13011774,0.16813902336018052
12016774,0.228046599262211
14011825,0.7711259983535343
12019219,0.9743335859711497
13042216,0.7716829898055217
13040177,1.05474525103937
11032745,0.6110102448862018
11101601,0.4826114445310258
11045881,0.732143128186438
11018399,0.45724485063510745
13033633,1.1111102135690305
14005568,1.2552964125313384
11008332,0.8093902863186486
11101402,0.7663273377872832
13028630,1.317333050810939
12016783,0.7590506781768522
13019309,1.12913316164921
13003665,0.2982330721482951
11026323,0.6117386711775938
12025611,0.2890850429206367
13004083,1.1215354663728394
13028038,0.57833120179983
13002680,1.2610560422688488
12028175,1.1718495139343055
12021406,1.2692828310115074
13012621,0.9483717340942923
13016047,1.2939963441485605
12012908,0.9339946647519975
12019050,0.7704848453647931
14018811,0.8381824184595968
12025237,0.661062299905175
14007114,0.7348915246186245
14006161,0.7124549192349638
11101000,0.9366128074256035
14027646,0.1554787860577163
11024939,1.2188870885965633
12016075,1.0967776010947725
13058749,0.23544813664005793
12016047,0.717053157465048
11008362,0.31713854250436546
13019643,0.838041134288625
13050376,1.1986267534092825
14016729,0.8054170041920455
11021248,1.1815527114926014
13011601,0.3368721193458104
13063195,0.8488881412158331
14011853,1.0900346406136923
14022866,1.055706208841293
14028942,0.8633366982798026
13018981,1.2683981069249488
13025203,0.33079894738152965
13016976,0.9542987409337644
11019338,0.839260806623881
11021120,0.877291381933143
13024969,1.2843839474876018
11051318,0.44060017319753747
12020842,0.5861038416101315
13047916,0.6281540570170258
13026172,0.589594128236172
13048456,1.2875936098219025
14039630,0.6113863354664495
13043329,0.7928002198858962
12009386,1.1028719622407814
13063872,0.9770743224189637
11053072,0.563386472075372
13017983,0.533414332493254
13012029,1.3031162195724197
12029342,0.45904637009124427
11019507,0.8385210167422497
14022459,1.1304738286374205
11040690,0.5535954103309246
11014432,1.1117157060141483
13019614,0.807047648435605
13033507,0.38180804665092644
12027368,0.36363622480377134
12008548,0.9753556776929448
11045055,0.45073504548419446
12003814,0.8247750622284209
13028379,0.9181959979956542
11038195,0.32509293615112617
11051849,0.784260231671803
14029316,0.503113377511488
12020356,1.1184682771554804
14022680,0.7812967590936882
12003667,1.0006721576367648
13048566,0.284521648973397
11051133,1.1299518622061813
11052543,1.104868644678097
13063025,1.0803989550026019
13012846,0.7001946999911186
13018550,0.7335262463160921
13004291,1.1427360078186029
13027933,0.8656589501144057
11019822,1.1606551461985546
13035422,0.7348915246186245
13100282,1.0673696405094313
13020620,1.141943143742981
13056104,0.7968186103213931
13019217,0.8714463728059434
12015688,0.7348915246186245
12017007,0.7348915246186245
11028136,0.3377493059516755
12011347,0.39845026837546377
13051885,0.3706104797010796
12011226,0.8569513707195565
13032659,0.8956197244004355
13065151,0.520277088529936
11013060,0.27603181175225777
12015416,0.9961850922626038
11051135,0.4290793067271904
14013153,0.5758713442616903
12016806,0.6129574410482185
12007598,1.1535312259136747
13042616,1.32952104367346
13033962,0.4283123919680377
13017339,0.7240865808858266
14010854,0.2988885263426553
13049619,1.0141755163367778
13050984,0.286269396319372
12012169,0.8470160234419856
14011723,0.7762324343826741
14014083,0.7489087162381309
14100379,0.7348915246186245
13026128,0.5677650026199275
11026452,0.5801921946762189
12007606,0.23508669627510184
11040772,1.3347385350234469
13012963,1.186934698285562
12003990,1.0328618967651204
11045221,0.2264752097461978
14018066,0.7348915246186245
13032460,0.22521714035868495
11044553,1.0074709683036345
13018424,0.4763367018947014
13004265,0.7427948137029203
11040653,0.5240853078586956
13025488,0.20363451339519198
14013147,0.8487435479772258
13043555,0.6999019849541547
12024662,0.42224943893942607
13011213,0.7397669222380514
13018012,0.46000035718325183
11050735,0.8891844819657735
13042378,0.8890989637231956
13017851,0.7872163948622113
13025733,0.94408320848916
11039254,0.22425818133767234
12015649,0.9336395023561933
13004223,0.3604322714239121
13009276,1.0635339105855226
14011412,0.714933671871622
13018600,0.7221083037439937
12015983,0.8117098152811247
13042309,0.2657279968625301
12016382,1.2119254214550208
11020619,0.4486590594160454
11019146,0.4902651549629953
11007754,0.560460669475317
12100029,0.7572811891650396
14021986,1.064902248991999
12013446,1.208881502340592
12004763,0.4950776653797974
11013900,0.7078041093072653
13101878,0.7206038113497292
13010297,0.6887097741581464
14101007,0.43636923549670936
14018440,0.7274957397062023
12004441,0.3723573925053919
12011622,0.8046801471041872
13024727,1.0410158987466902
14011136,0.9044007755239268
14028150,0.1888649475662651
11026751,1.0822572899648826
11040025,1.264518539678565
13036550,1.0253141359542772
14007355,1.1940697047622668
14032650,0.8013563161097894
11025178,0.9932343250022809
14016583,1.2860434404756822
12013211,1.4395405393017962
14039502,0.5156074373575996
13019975,0.38987738999237254
13057956,0.408544553095548
12015364,0.7348915246186245
13064843,0.9981335046026736
12013021,0.6935933749150894
14029122,1.0189140139645771
14011175,0.9307312594899892
13012419,0.8319790299394606
11044972,0.340554381672314
13040842,1.2611022136695151
13017229,0.9057790114870856
12003817,0.8023653552403313
13056058,0.6021529884337662
13004104,1.008905469627502
13058119,0.8595674150906651
14017093,0.684601010823753
13019047,1.0321347573999267
14018061,0.7348915246186245
14018456,0.5080342538074608
12025204,1.0895053419736607
12025908,0.2910168210678923
13021235,0.38566745815204423
12007878,0.9423315980195188
13034464,0.5657825557600059
13020536,1.1358438256339518
12008210,1.117720608130911
12016318,0.7374097061788757
14034710,0.595333264509167
13041461,0.7161406990622414
14018319,1.0191766561453532
11046512,0.5823305016209998
12027415,1.1469341853528092
13011116,1.0317825351674128
12016826,0.3675755557919392
14028018,0.9463880160544518
13035333,0.9171768561448916
14022240,1.012296857913169
12028956,0.2762166889726394
13011171,0.49484821686678054
13011094,0.8812123675871293
13062927,1.0931476850331254
13027510,0.28988904887996886
13009465,0.4478089300039874
12008743,0.43852761083774067
12011124,0.3680084072395555
11008303,0.7138746054534507
13026577,0.49862017436740086
13028581,0.8184303091786571
14006717,0.8395809956868763
12013472,0.7351140823030847
13035941,0.504103987852941
14013577,0.8307322713333233
13010900,0.5885366030475417
12016167,0.7010314150745304
11013217,0.9670625373691444
13056823,0.4106689378670076
12004568,0.834621240334991
13040209,0.6168973040033578
14101541,1.0519036314583718
13055504,0.8660400137041306
13028105,1.3737552465094742
13019790,0.23232668681956578
13027514,0.9773544798949738
14007539,0.6886638476090269
13048573,0.14415115434964537
11101174,0.7348915246186245
13009721,0.84615830108056
13058805,0.6846845428173699
11045092,0.8105201278915424
12008807,0.8468707982972999
12016928,0.29091909298459107
13102010,0.62073219062481
13056716,0.9989983896742521
12003856,0.7696829461752831
14033172,0.38271533648349754
13004609,0.9427738923029516
14023375,0.5806311138907347
13024646,0.5959784291164558
14018106,0.91530128413859
12100971,0.619956988632452
11034316,0.9545010396384589
13003432,0.9394906366496729
13009724,1.067484530106688
12017286,0.7802521931476943
14028181,0.7348915246186245
13040515,1.2599074176849163
12024677,0.9333017985514293
14029001,0.6550927241760609
11013389,1.070822048843776
12028356,0.736008740105495
13025383,0.46344077167759024
14012711,0.8126906420228182
12019887,0.599739575567539
12015310,0.32519628615396273
13044297,0.7415088704219438
11015222,0.5655916418701238
13040634,0.7136443995709126
11043877,0.3540814973435099
12004177,1.3125140097762042
12100933,0.7348915246186245
11033577,1.0625113279393714
11045649,0.4635618759434922
14039545,0.6077200345261188
11021670,0.7543644258943694
13026470,1.248571556854965
12017417,0.6278635914281518
12019805,0.8459895511863601
14021937,1.027010495625514
12011823,0.8547989588838089
11050830,0.36557296429816766
13064781,0.771040249767995
14013258,1.0796933045842403
12028649,1.371016907096149
12025604,0.3195747936275822
13004748,0.3556150395576458
13042046,0.46259350624131784
11033855,0.6593441758025167
13003431,0.7408045289891073
14022322,0.9307492232522595
12011565,0.6206655580923974
13004135,0.42209232568112864
12021039,0.24627239415481444
11044900,0.2712706786519939
14011188,0.4319788208870844
11019195,0.8441949193492544
13011177,0.5037246679231392
11006484,1.1537150261992228
11051401,1.0746444383106477
13011165,0.7065996582216161
12024727,0.7316527804488814
12012811,1.4157488375409812
13057566,0.6239562135927531
13017243,0.892277377736742
13027391,0.9585634020637958
14024649,1.238463304748644
12028011,0.7484257636861689
11050848,0.23215511476574863
14006148,0.2974679847021769
12100914,0.7348915246186245
11033839,0.4481345630525994
13059123,1.1410114549608226
14013713,1.0811359203016195
11014276,1.0546423473281545
11025794,1.1150421166004352
14021785,1.1164967392298966
11008110,1.2189188712086674
13035128,0.9233331218459984
13019986,0.67756422598867
11038339,0.4611105542967524
11021783,0.34154890187236137
13009448,1.2682531690381942
12013128,0.2899500908673032
13017389,0.22118712318061715
12020949,0.8859142196415428
13011103,1.1464941803646151
12024346,0.40114987415656944
11051162,0.8135523191086216
11047418,1.2225028513588958
13017347,1.2011743284367353
14017077,1.0225988824641288
11033900,0.38714111977276466
11100966,1.10569835107288
13002831,1.0708603213518175
11007811,0.9051138936997558
13058707,0.8186469116857368
12019672,1.2481683373775607
12008849,0.6514929377807315
13019877,0.6247805123621254
11044633,0.7807069089693184
13018372,0.9059425669055181
14011285,0.731296625085627
13033910,0.579469428128534
13050535,0.12877676538664096
12015889,1.1396762380131313
11040225,0.9098094350104817
12012436,0.5999789499934284
11028611,0.510508909223647
12008117,1.0282574311485702
12023608,0.18524685796049317
13034693,0.5274813768537848
13057617,0.7348915246186245
13024633,1.258598006994637
13019782,1.0629692961906676
13042954,0.996600495789118
13040723,0.19982857554111202
11014814,0.7247331985246316
14039307,0.4963881887610188
14023053,0.5423436009367071
13033014,1.388772103336686
13017937,0.5883861347297314
11040832,0.6008527496524284
13034812,0.34134571734146646
13035243,0.44177452935040334
13041373,0.7900024552644994
13034596,1.104111730561954
11014372,0.298288357509889
12025236,0.5777056093751051
11051526,0.5679141315712175
12011910,0.7348915246186245
13026607,1.0909302065153708
14023346,1.2199653676925009
11031463,0.4266579982996362
12017252,0.716596835270484
13041836,0.3769602305710368
14023326,0.7046403002733032
11013226,0.8385226313844314
13043023,0.9067334314461919
12019119,0.39781466359109424
13018068,1.4732352769253205
11021737,0.22814601133346768
12004406,0.24133706581499534
12009042,1.2113286236139396
13003489,1.0434797940559868
13024760,0.3782172084548886
11101263,0.7348915246186245
14033266,1.11654389476731
11025710,0.6824469904763113
12023747,0.706657469317681
13011960,0.5386945082886098
13003418,0.7163553700865726
14024594,1.1821309077731412
11032633,0.6082341407657511
11046823,1.151441361785161
13100496,0.7348915246186245
13039890,1.267052306861214
13025469,0.7405651364965008
12019469,1.3646756200975818
13057500,1.156976314637542
12004178,0.7813476209249761
13017219,0.5211611173100631
13004220,0.6479322368471642
14033830,0.5751718561899742
13024741,0.3291020912123504
13024936,0.4631948593668848
13064305,0.3609509165108961
12015584,1.3047181157135808
11032806,0.7348915246186245
12007361,1.166010233666781
13004198,0.8821487947881235
12005170,0.5752796666004941
11044724,1.4596418143584222
13033832,1.4240240854176167
12025415,1.1536036010482216
12011819,0.3874413142342217
12016360,0.6735835210507614
12020505,0.33499714898006216
13020551,0.32826440908740606
11019768,0.5779768879623408
14006031,0.46989209608088467
11040230,1.0805288563119775
11052766,0.4819871527949063
11021604,0.7478752828537403
12008830,1.0302415327942696
12016352,0.4675323982734878
11052021,0.3112307435762031
13043012,0.6975661395062138
12003582,1.1885520326619292
11021655,0.8421200481691961
13027438,1.0137999719045128
13026702,0.7969619354187142
12024507,1.2956587195048277
11052689,0.8357799900014845
13058625,0.85386513448064
12016390,1.079904585446354
11019748,0.3168446608453108
14021935,0.9368726577030019
12004611,0.3540923737126805
14021836,0.967801483715215
12011503,0.2511595565669668
12023990,0.44662238329653525
13003336,1.2168540370961731
13019696,0.9938268554282501
12008187,0.806719462696991
11045753,1.228790802116659
14039056,0.6187872246984284
13044216,0.7904397601671441
12012612,0.7872184707923082
11041324,0.611181900942987
14012553,0.7348915246186245
12019382,0.7414781574230558
11027425,0.9232224825626785
12008933,0.8676258632185724
12100324,1.2171399418381774
12007628,0.25684271373082634
13101265,0.9292628484542151
12021438,0.9876476386429401
12025001,0.7130190187230755
11045672,0.8661714161771712
13020517,0.4329690883483782
13017363,0.44169910628849696
14028144,0.5406701337618973
13034618,0.35042933524649195
13101996,0.6279392384381255
14033041,0.41321032727954804
14034288,1.0107161753154956
13101155,1.239614397268295
14100540,0.398889997128854
13034831,1.216106565512724
13010480,0.1172153241131441
13064130,0.36717303150297637
13017125,1.015996011481581
13025427,0.9825209521394769
14016989,1.1275807491419012
13050588,0.687733086504805
11027847,1.074665408823999
14035190,0.8224148540722338
12008929,0.2402440635470034
14100612,0.7900753493501539
11040107,1.0474754554344454
13005497,1.21409670910305
12013525,1.2939636962949983
13009259,1.2302659589370746
12029077,0.4371470755738171
14033840,0.7918031990150183
11052641,1.0092744773480526
13036403,1.3512313786481298
11007868,0.8958819066026875
11047609,1.0201364820409653
11100604,1.1473383069467584
12004966,1.1655049407757578
11047075,0.3604682894992476
11034230,0.5964861476637819
13043055,1.0803756273064065
12020946,0.44298825459618646
12008207,0.8138299433830202
12004783,1.3187311351991509
11040007,0.5555897436540528
14007353,0.994063055505415
11038997,0.9984126342348092
13024511,1.224752172669832
14100998,0.7348915246186245
12016119,1.1671490856501239
14017493,0.28152119246925833
13025515,1.0170447449459714
13026782,1.2178654546924086
12015485,0.4788200175692879
11044343,0.4061973789408408
13020374,0.7664266369433848
14029368,0.7179005993468991
13056061,1.000388552292102
14006737,0.7471002209407698
13019992,0.4834110835493092
13057338,0.3228922198364787
13012268,0.7508359565843238
12016552,0.21575796965193816
11034350,0.7377666733922028
14029210,1.0302481573896982
11044340,0.7494605191699464
14033623,1.2403073914552254
12007914,0.719177506701818
14019347,0.9096339580238123
13040638,1.335826668407225
14016842,0.9021206159217143
14011985,0.774862572381214
14016657,1.083860856379408
13004993,0.5471400239513409
14100787,0.7618047090596974
12025629,0.6415484849770476
13024970,0.3501227597613226
12023748,0.7027775235550163
13019729,0.765101115860536
12015276,0.8081933240378067
13043746,0.3467010957019462
12017118,0.3105357388954307
13012179,1.3760830799908355
14023327,0.29277979302107265
11039157,0.1608770025785317
12100437,0.4364452197559103
12004165,0.447620307521907
13009799,0.6949385033659476
12015470,0.9073704621141458
13003830,0.17370599356391972
14016268,1.27194026576625
11025841,0.682831440409978
12025132,1.3719093335550845
11020598,0.6420050254071621
13057430,0.46724498253920116
13056934,0.7853575730134664
13031725,0.9262635694127119
11015341,0.5231110739259359
12004139,0.9967541913701438
13026003,0.9946882426996392
12007575,0.8494458937852303
11013290,0.8794533614946569
14028483,0.8447743389365294
12024751,0.7186354624917164
14028941,0.36370711713453846
13026787,0.30101688582858416
13056906,0.5926630126149093
12012244,0.5865953782394385
12029038,0.6820554162260786
13011786,1.2861571092298307
12009263,0.6071262284813432
12025032,0.7686903743191242
14010828,0.6633096404620293
12019695,0.27551629000568534
11044036,0.45528593808528894
13043691,0.22063122602173446
12021004,1.2635562065836539
12027746,0.8011432998535892
14013211,0.8679834298521856
13041572,0.5614169000006771
12016388,0.43698622469640835
12020375,0.39760862076593123
13010953,1.1096697240781068
12015999,1.0911420036008805
12004790,0.4539460813745284
14013316,0.5468804099139193
11051633,0.6888830187648879
13058189,0.29109622252908696
13004732,0.5878061131908701
12011775,0.9163258577818547
11047302,0.9724962905287072
12007757,0.958733332368909
14022642,1.0253821213875143
11034765,0.5959833940420726
13039998,0.6820918001211649
13020544,0.7701784573245981
13009854,0.3460109249741964
11040726,0.510433556831472
14022010,0.49235559896182757
14007565,0.7337472207593445
11027040,0.9192621534576115
12008520,0.975362099878477
11007266,0.4208001856441639
13049724,1.0544541306098887
11047045,0.44450816644860014
13033008,1.2692322777665452
13025290,0.8580029719609953
14012102,0.6692975860331395
11047058,0.3681266897979897
14029349,0.7348915246186245
11044631,0.3034791856314917
12020230,0.7397317779044563
12023330,0.30361084274211014
12028669,0.5169706201860518
12016467,0.8134540645020808
11034313,0.7348915246186245
14011872,0.7348915246186245
12021199,0.8087558315484819
13012864,0.7815451266675776
14028677,0.9310579959685442
11020161,0.6564204873812892
13034904,0.7348915246186245
11101579,1.0631081185638507
11025720,1.1219001628741543
11032736,0.23772684227395333
13043400,0.9417309312402525
12015835,1.029576805208927
12008456,0.8656695227187463
13004522,0.8463489668246068
13059007,0.9876010589835477
11013858,0.30676435464812013
14011289,0.37632852464954863
13010627,1.023415027183625
12007449,0.8914084446986017
12008603,0.44588157171332915
13041457,0.8131211344560505
13051050,1.1600881130337317
11033260,0.8980652480965583
13034519,1.2934342741557139
13034443,1.1694553868982054
13025699,1.0807287389259104
14011741,0.3258005818630035
13025048,1.0880747017396881
12009280,1.1229544817131911
13050310,1.2583542789790683
12028177,1.213180123232051
14023454,0.6236078875981185
12007729,1.2186596317616476
12023905,1.2934844070075053
13034963,0.7348915246186245
14100614,0.949731795637213
11044511,0.7551367036528419
11013236,0.5225187435687004
13026578,1.217187217341053
14033661,0.4723689358820798
13019303,0.835862083222799
11051978,0.16889186444697546
13003783,1.0461654908648543
11028029,0.35901589051822763
13017336,0.44302402641364114
11033779,0.4895073640904431
13057749,0.36130097337354283
13034629,0.7815221826852676
13004320,1.0729446969536567
13004103,0.6386730873098718
12023753,0.7178320805063318
13024743,0.7745125314594883
14017206,0.7936239909686055
14006711,0.7772256646499662
11051563,1.2096100031719688
11020273,0.25043850959864866
13027621,0.3199314541927748
13051087,0.8410238658602873
13035252,1.0938224162030392
14023726,0.5864818598597673
13026228,1.237316044263173
13016918,1.0398076819563746
11041352,0.36455401088666867
14039088,0.8888434182763687
11050787,0.6958766476735543
11101105,1.0061234153394087
12100949,1.0106126791316596
12021083,0.2076623308655007
12019815,1.0073011374864913
13041944,0.30094083543560135
14012460,0.7348915246186245
13051772,1.2397325304265943
13017135,1.1655469937327354
13034601,0.9849842164220077
11033830,0.6689994059810576
13040176,0.4510452995680302
12008326,0.7724624561096053
12023825,0.7348915246186245
12028773,0.7348915246186245
11041081,1.1879382203527487
13033262,0.2987922143859102
13004315,0.39466962879631945
11020727,0.23521274533730618
12023600,0.4861921771548391
13017355,0.9381215614351102
13019256,0.6723777529815702
13059396,0.8763572423241268
13016239,0.779611529381716
12100417,0.7798855880390081
13012904,0.5405812070358278
12007920,0.6578693876280641
14033812,1.1761605395028782
12004474,1.3609435324371968
11033372,0.17611360317388725
13012126,0.7348915246186245
12005123,0.9709409315453982
12020727,0.5883945344109789
14007137,0.8285468811934075
11100802,0.6602734704128028
13034113,1.1918744658852374
11051201,0.9549136338691437
12005456,0.4680883319257171
14023234,0.4242524453252451
14012894,0.7348915246186245
12025094,0.7994721857471813
14011759,0.5655217925917057
12028393,0.9678396999857032
11014901,0.3526720007273758
11045205,1.1208258060474847
12028639,0.9682834713413723
12019709,0.7348915246186245
14019342,1.1091742567039382
13012352,0.7264890486222313
11007332,0.7848396658898261
11025749,0.7053500228558144
12101390,0.9200383500643393
12024479,1.076695133383106
12003536,0.6046127722518656
13020095,0.2911890118359894
13026795,0.7554534096851677
11052394,0.8102748643609539
13034624,1.0778100846300482
13040082,0.9881381473600898
13012383,0.34980844346099077
11051545,0.7586829947862359
12029377,0.6250518132151989
12021080,0.8077702673994858
11045071,0.5195459893910445
13044163,0.7439980192622421
14026711,0.6424204567459746
14101264,0.9288419110978063
11045549,0.431647654215895
12019543,0.30611551684884974
14028554,0.641713194217997
13051437,1.1273727575430823
11007034,0.8314199805051606
13024003,0.7478384807640387
11041315,1.1611457676033277
11006771,0.3198668517198682
14022928,0.26449654693861413
12029411,1.1938377349718512
11101160,0.9335003529225836
13041530,0.5819615868246071
13048516,0.5515708372305383
12019424,1.1545005334488756
12020045,0.14288531210493646
11021666,0.8186729557386077
12005447,0.4443209721902719
11034769,0.23065436479173893
14027545,0.786724847407354
13043068,0.42870581285374765
12008533,1.0577333759834724
13050450,0.8286699841983266
14023661,1.158906343258973
13035086,1.329517499692831
12100525,1.0523060679646323
14033536,0.5765740312820892
11040856,0.6476056457478748
12027932,0.5377049696080092
13002872,0.6125259628501084
12017000,1.3565504364319174
13064530,0.48866516170950014
12028985,0.8848327190033561
12028019,1.0371448421268565
14035181,0.5119265563491242
13065177,1.148205770888682
11044863,0.5145300462988079
11052033,1.0012939820090634
13035943,0.7392714157771587
14023291,0.594831045484422
13020527,1.4756036868222357
13019861,0.5460495523642467
11045409,0.7348915246186245
13051079,1.2433310727192726
12013503,0.24702112035683882
11051163,0.5591822257082611
13041621,0.5384208385514787
14034665,0.2521734179659543
13063591,0.9885390046378327
14043854,0.7518060558176657
12011846,0.730590848524307
13050655,1.0231924268064407
12011513,0.4555314363604145
11032900,0.4209631307435855
14022011,0.42453357729892816
12005110,0.8447028576430313
12020697,1.2281785858748135
14029541,0.7348915246186245
12013547,0.37874871077403044
14023045,0.9790277328586463
11014883,0.41398301853127806
13010543,0.2037441205772212
13033830,0.3657047899543058
12100280,0.8461816926260685
11014108,0.806869514856846
11024931,0.44323818781734703
12007912,0.8459475262468612
11039061,0.2960532612228251
11015247,0.3513841308326071
13035052,0.5879582960119295
11052625,0.7693930539371219
11100202,0.7480128875839703
13004254,1.1633680396076407
13005332,0.9364560514252385
13011184,0.5175272264734678
13043034,0.37870689415047604
14022237,1.0251106721205199
13017987,1.105470760248732
11051580,0.9792673021260858
14028073,1.2540205932648545
14028855,1.0492130265342445
14034607,1.2259665439233733
12015887,1.1871768725528338
14007054,0.35516453646488566
14028832,0.7455834348477712
14034297,0.8308324019457951
12016329,0.17721991333729226
13011526,1.447601437841025
12021101,1.437591174300219
14017719,0.727680853303844
11037887,0.7151632709043733
13063478,1.1986885823147775
12019604,0.6917418896998822
11033178,0.9448569928418535
12008653,0.724832470430767
13004608,1.1628227867636567
13043167,1.4206292994755076
13005496,0.2602834925105031
13009543,1.225062891575914
14006992,0.7148326823050182
12024196,0.9194213614177692
14023741,1.070023736886088
13101067,0.934907937577863
14100499,0.7663583066139659
12028467,0.7272154748742683
12027597,0.9199601457838967
12029471,0.9660209958556808
14101010,0.7348915246186245
12017058,0.6148927867142028
11027054,0.4940993777370461
13035207,0.4483409428185551
12019919,1.4104826155495194
12013241,0.2975358946009771
12015635,1.018535055994187
12015967,0.972292499510128
13026391,1.0429355105142577
11013585,1.1129242933148338
12011933,1.309671333492057
12020424,0.26384934419113976
11040179,0.5796687285099932
13010464,0.9644574387240555
13009796,0.44558758377931657
14012289,0.3726222255413715
11033292,1.0210621796428725
13017955,0.6108903116718538
12023687,0.45864564590446666
13025463,0.23959909650766656
12003965,0.8535294812535492
14018756,1.0348574620907167
12008826,0.5267296453526058
13050852,0.7222568406273424
11052446,1.1083032605360417
11045662,0.847432746525193
13010817,1.014131649202542
13049807,1.2254962396922926
11014133,0.9448455932754823
13063157,0.3642974927031166
11047491,0.4621092211943348
13032803,1.2366200535718446
14007945,0.7702102816733742
12003737,0.6976472493629685
12021312,0.989181485766229
13057487,0.5874731847896265
13035615,0.9501004140865217
12029106,0.38270314125549326
13040601,1.391496603542842
14016074,0.6827597391949444
13064327,0.4519425235654537
12100420,1.2509674321174116
12028544,1.1393748741384362
12009047,1.09579715475219
11026598,0.522640780003137
13036013,0.6512222828891577
13012416,0.36326865603923253
14012163,0.6530358935078268
13042370,0.5339248233065342
14100646,0.9311736910777458
14027038,0.1792454258463424
12027459,1.12124346948259
11033221,0.6162757952568824
12019502,1.4697011550499
13019225,0.5282545238017974
12025025,1.006814470156446
14022962,0.4367760506162026
11045619,0.8730015154145181
12028299,0.24097865423562032
12021047,0.5454001548822475
12024386,0.4619912375840635
13035870,0.6817154330924825
12019646,0.5262030370896397
11026276,0.45518421679875515
14033847,0.6495835213637979
13017285,0.6800915462986544
13049844,0.8340454203555905
12015444,0.9164051110688765
11045716,0.777747629994928
13018333,0.31766134423623293
12015593,0.7788806512614139
11045031,1.2318002347909214
11028075,0.4215823249391117
11040285,0.8563715682224394
14100261,1.039175918434199
12015548,0.63456545695559
13041809,0.8728777170088916
14007091,0.5110736576895711
11039698,0.6566938420794093
12015024,0.6218106731188683
13100736,1.350301762288636
12019571,0.9091388196911798
13056251,0.31286909935467877
14008382,0.48773158528260485
13056835,1.1499718656905298
13051796,0.6829690626280935
13011152,1.0140597107579725
11007781,0.8861863162324831
14021961,0.4845746631151514
14022356,0.6081971466644513
12008621,1.349672817511612
12028986,1.1318073632858747
13018648,0.7271380703327027
12004391,1.1677787475232404
11101172,1.1840207063569381
12016853,0.6862363179596387
14026915,0.6204399218141607
12029386,0.40792419395005114
11028049,0.4118755531771509
13049586,0.6197096274201639
13003802,1.2205517604643774
12100598,0.9467033653923906
14017419,0.5341325874499376
13057354,1.0090929215638313
13032469,0.5454456429497012
12008558,0.30262050060814016
13012290,0.9699182531902029
12100304,0.8810219754597358
13044107,0.355647097592668
13035277,0.15502760200673682
13032322,0.7348915246186245
12023344,0.8462589392170157
14008423,0.6325888659783643
13028622,1.0367194199393537
14039646,1.0336432047158801
13017218,0.397599783029743
14005636,0.682295267190859
13032938,0.8326466728227568
13050617,0.8568190380756565
12007462,0.9517981456048555
13100697,0.46088626152009377
14029829,0.5061541739724745
13025170,1.0299500304641953
13004735,0.4130222677749283
12016691,0.9228695945942043
12019450,0.9866219278816012
13035775,1.089003723436565
12025488,1.1665012402172865
11039617,1.0999428005790004
11033353,0.6103967404543265
12008844,0.8531015132093244
12020038,0.3937420838590701
14013282,1.1900905380241693
13034622,0.4391378611423097
14012728,0.7348915246186245
14006681,0.5342268759236617
11044379,1.356689733286385
13010477,1.1121835922989178
13043717,0.9418318892508422
13012368,1.0455214756365876
13017181,1.0091369246874369
12011912,0.6030417069616295
12024844,0.8400917095774901
13036593,0.9716116900618414
11051123,1.1072175044464072
13049875,1.2996701388289735
12101166,0.7710620606545926
13012973,1.4081953300988588
13003566,1.4225512455931677
13028008,1.3016253288289945
12021024,0.7373032714168481
11027928,0.7348915246186245
11014805,0.9326997227999149
14027501,0.6139662237642232
12005549,0.735489410245506
11038647,0.7783877018916873
11033824,1.014645038573049
14101248,0.7113841154462497
14012324,1.0884053693256808
12028661,0.9211532842336982
13050331,0.8477959059114534
12015765,0.9224137876481174
13018875,1.18059708671033
11051074,0.36534109820817373
14013763,0.58083850566137
11019067,1.1512224081704918
12019380,0.8891018347792738
11020771,0.567000040537666
13009951,1.0580871997340107
13010258,0.7810454685296733
11045710,0.37855198602131807
14012022,0.9006945514370837
12025788,1.2129944620617492
12008905,0.6388056228768774
11039105,1.266630511749692
13035251,0.7265223675528575
14028085,0.9454107194306373
12025418,1.3664307639729583
12027356,0.8469663773667495
13004601,1.3884079331442158
12013393,1.0373147055996124
13042070,1.3323699848402097
14019041,0.5441319778073334
13049147,0.8543021574125825
12004029,0.5526141634175381
13042300,0.3593005021935385
12003671,1.15503305188373
11050792,0.34545595807966817
13020375,0.6079093774555846
13026886,1.3228207905660296
12020324,0.7302055371841993
11027270,1.146833802124375
12007583,1.0252308776833479
12020798,0.7348915246186245
12017441,0.6489519721577293
13026185,0.6555772511081301
14022564,1.0495672242767171
12004759,1.1704430276209363
11041377,0.9678596748237449
14022777,0.4799467338936072
11019675,0.4515888135854051
13026820,0.7383923976191644
11014346,0.15430749170472147
12012934,0.7348915246186245
13008961,0.24898219498767615
11013323,0.29820020891788146
14016300,0.9432777019178001
14023704,1.2946820162311323
14013707,0.71120726353644
13026459,0.4701346587617915
11038525,0.378067446000582
11032740,0.2849197552018467
13033929,0.7787190411871391
13049861,0.94795755233211
13044063,0.8856916557000443
14018457,0.7348915246186245
12013199,0.8901927884744204
11045486,1.0143246173913552
12101370,0.5478527701113404
13034650,1.0621613671705503
12007970,1.0528734517975025
13028093,1.160693203801135
11046258,0.745658812343407
11032119,0.4508187326303984
14032729,0.9375308072490804
13027440,0.784220834665795
13018477,0.7488017730232919
11052546,1.047783855524948
12005595,0.4246390523986152
13010197,1.103095447072168
13039960,1.0679641713391037
13051927,0.8624742109902721
11051206,0.7527741245923715
12016373,0.7366441252102288
14034520,0.6024729575763792
11027702,0.7348915246186245
14028542,0.570704134231305
13041629,0.2514476855284841
12023980,0.7079752354932496
13059467,0.758834176136418
11002218,0.7399141333304293
11019070,1.0190115274074445
12011951,1.3316890926789973
11053151,0.9810654734162447
11015190,1.1297366296198101
12004738,0.7989272628225006
13064086,0.3690756261760345
13025089,0.2062714167235498
13033061,1.1125772723694045
14101071,0.7499884189465257
14027658,0.21833295078672646
13033022,1.2279653606639684
12000840,0.42794454314048375
11047288,1.2643867222331298
13024813,0.6446320214553373
12013534,1.1884781224998808
11040129,1.086913716178868
13040031,0.4432297014628133
13019597,1.3680012276782003
13009547,0.7799194528732807
13027329,0.4615929781248575
14011327,0.9056709467932142
12004145,1.1742416691438526
13041422,1.404925494212367
14100972,0.7348915246186245
11045081,0.30699291381101174
11044649,0.3803858192141047
14016617,0.5122931686483077
14034389,0.25384433536413087
13043368,0.7348915246186245
12016740,0.5507864896066236
11046355,0.9789504889253817
13064632,0.4858940066002247
12025511,0.7348915246186245
13004627,1.1158685874642194
11007297,0.4180433328355116
12028686,1.135829285070785
13043634,1.2023735924826262
11037452,0.7390590790853935
12025637,1.0616449674452673
12018855,0.4291266823049189
13057208,0.7414179302261386
12007508,0.8131111935989317
14012607,0.8840642294276495
11021768,1.1416638523093205
14018582,0.3724886506939739
13036675,0.5882112651352454
11027576,0.17105136580537394
14028982,0.7272047278418319
13019786,0.8818828328439687
14017834,0.6063611481886122
13039549,0.7348915246186245
12027979,0.35561905720588055
13051890,0.4166133808512286
12015298,1.0227562402301826
12025571,0.9821004986677351
12020049,0.22722629376713227
14006016,1.0307911926835687
11027084,0.9994115641225153
14012351,0.7348915246186245
13017841,1.1352139154194105
13064321,0.6820587332716183
11040764,0.4490721184835575
14012693,0.6633864705251475
13056598,0.6854385675006006
11040683,0.8179845997664021
12023802,0.9626698349005691
13024700,1.3659309876794972
11026856,1.1496263081146008
13027707,0.665041223885645
12003837,1.0206803657908623
13042884,0.35953691312278113
11025655,0.6032396206527826
11034944,0.9609882450210868
14027745,0.9562561101336587
12012563,0.9471513609681432
13102000,0.764357646634386
13042690,0.5029920670907555
13011773,0.7244649549126179
13034914,0.468629428785769
13028066,0.6790154451949914
13033281,1.3064887899824398
14007797,0.5258392036181672
11101144,0.7348915246186245
13056712,0.3104874941492127
13027359,0.4351363542435609
12011844,0.9422998035741189
14021964,0.18498389615607766
13020158,0.4879333643695409
13028529,0.4864214007662993
12025304,0.6059403729870011
12019454,0.9836269376107758
11040734,0.5176357085576212
13040773,0.4938993311925184
12028305,0.407836015030068
12011605,0.3754008428320809
11019939,1.0867942244847129
11034417,0.5377213157261622
13010717,0.21103621517097298
13063474,0.6710311015524232
14033325,0.6051967864751021
14007506,0.8887311902907246
12008544,0.1907546137520087
13048226,0.35891129191168275
11032171,0.5913610024543732
14006645,0.5224536957422832
14034758,0.977881314365632
11052762,0.6307828308428431
11044261,0.3231656384347461
14017835,1.1303555165547534
11008235,0.7348915246186245
11026243,0.7116071029993181
11032185,0.7348915246186245
12027966,0.9870715923913189
14007593,0.7673460007585967
12005214,0.5160863847502914
14035078,0.5334039948395993
13019585,0.8489982063773921
12027958,0.9545145853233054
13057993,0.7799127206868062
13012241,1.4521415939686821
11019174,0.4853617085926429
14034714,1.1402254588757295
14021629,0.7639782101170289
13102013,0.7348915246186245
12017067,0.82595525860466
12008082,1.268272977320206
11031737,1.3548077316111333
13027268,0.40077296435780363
14007919,0.38579968894959754
13040425,1.4203256750521531
12028483,0.3633883223548563
12015208,1.2395767535601139
11051990,0.22246248905144975
13042264,1.416565376564495
12023310,1.0318584272547673
13026173,0.8857438284320428
12007461,1.3414220747257914
14034398,1.0481355250719724
14039132,0.7231478142448896
12015963,0.6396709350142188
11025774,0.62668917851238
13058243,0.7749935251048334
13035959,1.2256535405260405
14012548,0.6810192000766292
14027215,0.4403574077634586
13039602,0.9725326786184597
12011882,0.8495693219325504
13050461,1.161407661201665
11033667,0.6578231611949747
14027466,0.9892571553429597
13063576,1.0631295985920832
13049877,0.7126447215171032
11027848,1.06072842625479
12028330,0.837017107849116
14018950,0.204490991084465
13063958,0.6592499380935701
12013212,0.38558215550967767
12027974,0.7221908608112921
14007014,1.2262835051003784
13009491,0.761293173571676
13056098,0.6778872507493728
13047791,0.9957761876682406
14006174,1.0376397310471546
13033217,0.36918155495923777
13024838,0.7348915246186245
13017991,0.38335275369305427
12027602,1.3311702633985352
11045361,0.7660829824480192
13018046,0.44171242202727606
14006651,0.9014182294293874
13035980,0.8105187839179334
13049784,0.6736828388152349
13004227,1.005827439067222
13011409,0.7483583301237006
14022776,1.0269727920819247
12008652,0.7348915246186245
11013185,1.1649280091807312
13051031,0.4378940274480443
11040200,0.7690087886294394
13026491,0.34258617044410417
14012033,1.1909343541108355
12011674,1.1257762625111918
13101635,0.6788194099863883
12011827,0.8431015115666722
11027762,1.0742701815308515
13018556,0.6835943686690611
13031798,0.7348915246186245
13035218,0.183992305886054
14028980,0.4970391116125733
13011831,0.26121587661562096
13033889,0.509323955300084
13027965,0.6706910563155329
12023421,0.9902709580658134
11044345,1.01618500036675
14012370,0.6965074076719838
12011480,0.24479214302840227
11046290,0.8080352585413372
14023341,0.4959076291873354
11021175,1.1766810237047922
12005081,1.2387830376940752
12029886,1.158072676235539
13041622,0.2127012059234805
13033153,0.6395079715911189
13049092,0.8223650821263582
11052299,0.8562199847552299
13017550,0.8992096544166749
13056847,0.49913722221771273
12019047,1.1355402641186958
13058814,0.7817116113366053
12020050,0.47008715126090217
13040963,0.7348915246186245
12025663,0.8380170349459163
13032431,0.19738181366770577
14017033,0.37785163636604824
11018136,1.0213610505366715
12012856,0.34271857013750345
11052000,0.6059830164392634
13019171,0.6968813232772875
12013071,0.6359806227346981
12011447,0.47748852892496974
14013281,1.0508965782584412
12025475,0.743476363092837
13051130,0.14145186661347933
13101025,1.1652669310856174
12015530,0.5288985561145785
13042266,0.9830205267352168
13005179,0.41440136232279784
13012511,1.2135012539121086
13048754,0.5410783479015933
12029049,1.1375249895475072
13011280,0.8754984431983658
12023771,0.7348915246186245
13042262,1.4724220092646445
12012773,0.49690037919721963
11051188,0.509774659441585
13034390,0.8632295619076462
12008212,0.509304499965959
11045255,1.4177500757094978
11020653,0.9891125827770142
14013683,0.503792850620273
12021113,1.3402726006537384
12009217,0.22497187738408375
14013349,0.6428245742908678
13050949,0.6662113648743018
14012673,0.8082916980122791
12012813,0.9960296653131276
12019054,0.4507417650028026
13051014,1.2070599130924948
14018913,0.24844024360072228
12016111,1.3818456359058642
13040146,1.3235564403853117
14021941,0.6812829352048022
12015685,1.1719127892488361
12008204,0.8403554550260568
11007167,0.8800303695990915
11047082,1.1506201506379812
13050604,0.4280289672460418
11100629,0.7348915246186245
13027779,1.2472038570337378
13032584,0.8181026923005736
13059261,0.8568096296963138
13049879,0.49669696594818274
13034285,1.021414707312437
12016021,0.7489821760769262
13026016,0.39315144774476196
13018018,0.5343618669029678
13011004,0.7636543963839286
14024026,1.09779739132079
13042181,0.6496722344816471
12009163,0.9510619980057562
13042229,0.6474491090349385
13017369,1.0649211746223906
14023332,0.965256016895475
13050616,0.142859940640336
13036325,1.3523611034736343
12019113,0.2646724158329626
11045251,0.5515963892100507
13056185,0.3385487852844159
13002626,1.0547234898770703
11046580,0.6844782363078125
12016369,0.362307237402159
13057051,1.1475630378723272
11033799,0.19154158758684184
14012889,1.1703288136543641
12008171,0.76996154755777
12027424,0.9646302041322755
12027706,0.6322716000542589
14040532,1.1070209587741304
13049208,1.3837459713096616
13017358,1.3916337474351648
12023983,0.36692678529052886
13050974,0.907446023345969
11052964,0.5754242348645981
13055873,0.9415332534038521
12011911,0.7348915246186245
11026421,0.509509715914044
13041590,0.7412558802609782
12007564,0.5290294585167212
12016117,0.29484901371939765
12024024,1.3177306999839717
13058247,0.5531731234174886
12008195,0.7812152258955362
11040804,0.8764614572558198
14018060,0.7348915246186245
11014783,1.0239103608895355
13019179,1.3713913272810268
11021057,1.1223111049046122
13010499,0.5182524731177417
13041540,1.060172800571549
14018751,0.9370740925141423
13025314,1.3769654237057276
14018321,0.7348915246186245
13100746,1.2862720549055782
12028256,0.5231924630050351
13018044,0.3174640507220677
13056265,0.7348915246186245
11033186,0.905899272435106
13020308,0.5543192280726515
14007622,0.7148651488287775
13100956,0.7348915246186245
12021017,1.0292178489759567
13101705,0.5663317583357311
13100470,1.1476775505346435
13033884,0.42469522738375015
14033767,0.158877385182796
12009170,1.2912820201707411
13042886,1.2394698862206817
14008403,0.15429635837979794
12020545,0.7304519666327147
14016630,0.4048772163427443
11019744,0.9634185794405885
12017450,1.4037482364133682
13036653,0.7885653799267025
13101175,0.7348915246186245
13012742,1.376664505939133
13042847,0.46625391896395413
12100268,0.9820204161370811
14018748,0.9652577204521501
11039034,1.0111693169661828
14034498,0.2518676561079972
11045872,0.2199908676355479
13035730,0.542555657027765
12019977,1.1944673693745314
11100651,1.3005323312106267
11039609,1.0489040107072833
11051141,0.7307318795347859
12007466,0.819974600887479
11006983,1.217979160932894
11025863,0.7821355026433622
13011752,0.6550175562583445
12020639,0.9638381799398431
13025217,1.0925088819313389
13056093,0.7952109235804927
12028560,1.2053428561119952
13043521,1.103308979965087
12020704,0.4902982210839832
13042321,0.18526348621513558
13033220,0.5519905424982415
12024246,0.8450124373621436
13041617,0.7175722418407136
12004580,0.9462870329777308
12024305,1.4098605979007628
13058120,1.1211130655969177
12015924,0.8500092414715602
13049158,1.2680554179507595
13049640,0.577516824481988
11040275,0.6709353924546173
13064800,0.5046976004214779
13051577,1.2428730251316242
12009204,0.5011179977650194
13034938,0.7623687953531065
13018911,0.7419019677948712
11047369,0.8313547257795214
12028707,0.33470599387439703
11007803,0.1849098899205928
13003407,0.8904967191872983
12009029,0.7205041328691844
11100783,0.5652430467305916
13058746,0.9955590297788616
13025060,0.6544191728097185
13040115,0.7414770782183959
14016670,0.9575336874432718
14039183,0.9869648700878872
11045624,1.0854976769558307
12020970,0.2720176518578755
11039127,0.1741425870128615
12019759,0.2971521228816511
14013109,0.9931058864029114
12025191,1.195517170721003
12012479,0.3645313303529337
12005145,0.3431521567440308
13026087,0.5883034151075845
13009876,0.46519430619279084
12013243,0.9508483778932375
12025179,0.19749768559115516
12004349,0.6407767787610197
12013032,0.5268330182739818
13101684,0.6492443521306088
11040034,1.137616115945192
13018540,1.0509100217957403
13033763,0.7766721604443728
14039651,0.9926148833454208
12020323,1.065058381615561
11044555,0.6350903598077011
11039297,1.2484779543885556
13055460,0.5701200561190298
11045856,0.9830519448283808
13035899,0.903541719505479
13012173,0.8213506709353706
13019136,0.36024787842786454
13026783,0.9686968258841159
13017297,0.23881619784952124
11100402,0.9182345381779683
13034092,1.471219131906801
13035921,1.256447569723275
11050713,0.37264015100231374
12004413,1.1878834165798235
12028303,0.9759424810294856
13036116,0.9363402491103435
14012977,0.7403530542411844
14023747,0.723121623247539
13051177,0.29227807952737334
11045892,0.8043391546907839
11045200,0.15028504813826002
12020074,1.046552084742163
11052945,1.030657458526962
12016007,0.6921961836055641
11020260,0.48098729691487163
12004718,0.2015847548523644
11052261,0.4329491736921603
11026375,0.8635793503099793
11027930,0.7991101907601459
13033574,0.3621276724818826
14023051,0.5403926661704808
14013845,0.6373672640548887
13005478,1.1717730252224994
11044005,0.2714540432697702
14100335,0.6454382043976284
11027862,0.8366932773585584
12012516,1.2558134869206894
13049583,0.19086683776107807
12016018,0.7242340685438174
12008443,0.3247607454015976
13041849,1.0297437813343413
13051068,0.339056522198569
13044147,0.7954822750674821
13025531,0.340135600050849
14006367,1.129813193189008
12023606,0.8757015777858385
13018015,0.4226952432774729
11051733,0.7348915246186245
13017893,0.9702423380092755
14022815,1.137820071289096
13101997,0.6881323833824938
12016305,0.972771900506199
11024959,1.0797542453453852
12021068,0.7306314704519621
12009396,0.38166441986997535
14013542,0.7822583365510181
13063516,0.7531326082576693
12025209,0.5166333542364525
11012866,0.6646163433300282
12024312,0.9246861692042226
12016919,0.2293345402457086
13035723,0.28897146567713056
13036633,0.6442187564667993
13025570,1.5030332618417501
11044046,0.35499407491673757
12100580,1.00418442336381
13042955,0.43486558789572843
14022958,1.0121485658957323
13039568,0.3606234967196971
12028967,1.0611850794505187
14011849,0.7588280328039377
12025594,0.3449368829680356
12007558,0.7392927307359034
13028726,0.42575816406516903
11039114,0.6252513030288583
13035176,1.143080293131356
12007835,1.1930400418589515
11047639,0.38959411459664994
13035322,1.0358547222334362
13033872,0.6840389076934745
12029391,1.001053639009076
13027414,1.365582738454249
13019122,1.4596775674849514
12024666,1.1537529158823816
13017910,1.1465399132878407
12016346,0.36272473308215064
14013673,0.762326499952519
12016725,0.31340461874048414
12008840,0.3656668423380079
13049384,0.7348915246186245
14017554,0.4438924395396541
11033355,1.1832842646956665
12020795,0.7348915246186245
12020411,0.29931760369988925
13026034,1.113909936161742
11008124,0.768716412611638
13012923,0.7821094542698974
13011173,0.7000112616438396
13027512,0.6847473073378564
13027506,0.4127319863649457
14039546,0.867861147290196
12008819,1.220393003521956
12019453,1.1973572393824714
13036529,0.48508608882574644
12024401,1.1432019430921814
12005807,0.6192114231989835
11050874,0.35680434002365197
12025366,0.6780189811485056
13009874,1.0159423598849682
11045172,0.5191745035191762
13019733,0.8160935996125375
13032167,1.055267002429566
13005291,1.332685098859267
14024236,0.7348915246186245
12023720,0.28726920317129034
13017070,1.171180219321795
13041788,1.2602013287459535
13004618,0.8157442185507388
11033821,0.48315070283856465
14017734,1.2561910671676688
13058149,0.42278604213008436
13064585,0.41525069178009905
